site,site_number,sampling_date,sampling_method,swath_width,transect_number,zone_start,zone_end,species_ID,species,moisture,bag_mass,total_mass,wrack_mass_measured,wrack_mass_per_transect
Sandy,1,6-Aug-22,1m Swath Transect,1,1,0,10,ZOMA,Zostera marina,Wet,35,55,20,20
Sandy,1,6-Aug-22,1m Swath Transect,1,1,10,20,ZOMA,Zostera marina,Wet,35,44,9,9
Sandy,1,6-Aug-22,1m Swath Transect,1,1,0,10,MAPY,Macrocystis pyrifera,Wet,35,55,20,20
Sandy,1,6-Aug-22,1m Swath Transect,1,1,0,10,FUDI,Fucus distichus,Wet,35,440,405,405
Sandy,1,6-Aug-22,1m Swath Transect,1,1,0,10,DUAL,Dumontia alaskana,Wet,0,6.2,6.2,6.2
Sandy,1,6-Aug-22,1m Swath Transect,1,2,0,10,HAGL,Halosacccion glandiforme,Wet,0,2.2,2.2,2.2
Sandy,1,6-Aug-22,1m Swath Transect,1,2,0,10,ZOMA,Zostera marina,Wet,0,6,6,6
Sandy,1,6-Aug-22,1m Swath Transect,1,2,0,10,FUDI,Fucus distichus,Wet,0,90.5,90.5,90.5
Sandy,1,6-Aug-22,1m Swath Transect,1,3,10,20,ZOMA,Zostera marina,Wet,0,1.7,1.7,1.7
Sandy,1,6-Aug-22,1m Swath Transect,1,3,0,10,HAGL,Halosacccion glandiforme,Wet,0,5.8,5.8,5.8
Sandy,1,6-Aug-22,1m Swath Transect,1,3,0,10,ZOMA,Zostera marina,Wet,0,0.1,0.1,0.1
Sandy,1,6-Aug-22,1m Swath Transect,1,3,0,10,FUDI,Fucus distichus,Wet,0,37.4,37.4,37.4
Magic,2,9-Aug-22,1m Swath Transect,1,1,0,10,ZOMA,Zostera marina,Dry,21,47,26,26
Magic,2,9-Aug-22,1m Swath Transect,1,1,0,10,DEAC,Desmarestia aculeata,Dry,21,36,15,15
Magic,2,9-Aug-22,1m Swath Transect,1,1,0,10,FUDI,Fucus distichus,Dry,20,255,235,235
Magic,2,9-Aug-22,1m Swath Transect,1,1,0,10,DEAC,Desmarestia aculeata,Wet,20,265,245,245
Magic,2,9-Aug-22,1m Swath Transect,1,1,0,10,MAPY,Macrocystis pyrifera,Wet,20,670,650,650
Magic,2,9-Aug-22,1m Swath Transect,1,1,0,10,FUDI,Fucus distichus,Wet,60,2570,2510,2510
Magic,2,9-Aug-22,1m Swath Transect,1,1,0,10,ZOMA,Zostera marina,Wet,40,1675,1635,1635
Magic,2,9-Aug-22,1m Swath Transect,1,1,0,10,HAGL,Halosacccion glandiforme,Wet,21,24,3,3
Magic,2,9-Aug-22,1m Swath Transect,1,1,0,10,NELA,Neorhodomela larix,Wet,21,22,1,1
Magic,2,9-Aug-22,1m Swath Transect,1,2,0,10,ZOMA,Zostera marina,Dry,20,95,75,75
Magic,2,9-Aug-22,1m Swath Transect,1,2,0,10,FUDI,Fucus distichus,Dry,20,265,245,245
Magic,2,9-Aug-22,1m Swath Transect,1,2,0,10,DEAC,Desmarestia aculeata,Wet,20,130,110,110
Magic,2,9-Aug-22,1m Swath Transect,1,2,0,10,MAPY,Macrocystis pyrifera,Wet,20,136,116,116
Magic,2,9-Aug-22,1m Swath Transect,1,2,0,10,FUDI,Fucus distichus,Wet,40,1855,1815,1815
Magic,2,9-Aug-22,1m Swath Transect,1,2,0,10,ZOMA,Zostera marina,Wet,40,1590,1550,1550
Magic,2,9-Aug-22,1m Swath Transect,1,2,0,10,NELA,Neorhodomela larix,Wet,20,65,45,45
Magic,2,9-Aug-22,1m Swath Transect,1,2,0,10,ULLA,Ulva latuca,Wet,21,27,6,6
Magic,2,9-Aug-22,1m Swath Transect,1,3,0,10,ZOMA,Zostera marina,Dry,20,80,60,60
Magic,2,9-Aug-22,1m Swath Transect,1,3,0,10,DEAC,Desmarestia aculeata,Dry,21,47,26,26
Magic,2,9-Aug-22,1m Swath Transect,1,3,0,10,DEAC,Desmarestia aculeata,Wet,20,460,440,440
Magic,2,9-Aug-22,1m Swath Transect,1,3,0,10,MAPY,Macrocystis pyrifera,Wet,23,385,362,362
Magic,2,9-Aug-22,1m Swath Transect,1,3,0,10,FUDI,Fucus distichus,Dry,25,290,265,265
Magic,2,9-Aug-22,1m Swath Transect,1,3,0,10,FUDI,Fucus distichus,Wet,60,2565,2505,2505
Magic,2,9-Aug-22,1m Swath Transect,1,3,0,10,ZOMA,Zostera marina,Wet,100,3225,3125,3125
Ferry,3,11-Aug-22,1m Swath Transect,1,1,0,5,FUDI,Fucus distichus,Wet,20,86,66,66
Ferry,3,11-Aug-22,1m Swath Transect,1,1,0,5,ZOMA,Zostera marina,Dry,19,32,13,13
Ferry,3,11-Aug-22,1m Swath Transect,1,1,5,10,FUDI,Fucus distichus,Wet,20,47,27,27
Ferry,3,11-Aug-22,1m Swath Transect,1,1,10,15,FUDI,Fucus distichus,Wet,20,60,40,40
Ferry,3,11-Aug-22,1m Swath Transect,1,1,15,20,FUDI,Fucus distichus,Wet,20,100,80,80
Ferry,3,11-Aug-22,1m Swath Transect,1,2,0,5,FUDI,Fucus distichus,Wet,20,185,165,165
Ferry,3,11-Aug-22,1m Swath Transect,1,2,0,5,NELA,Neorhodomela larix,Wet,21,22,1,1
Ferry,3,11-Aug-22,1m Swath Transect,1,2,0,5,ZOMA,Zostera marina,Dry,21,42,21,21
Ferry,3,11-Aug-22,1m Swath Transect,1,2,5,10,ZOMA,Zostera marina,Dry,21,22,1,1
Ferry,3,11-Aug-22,1m Swath Transect,1,2,5,10,MAST,Mastocarpus spp.,Wet,21,23,2,2
Ferry,3,11-Aug-22,1m Swath Transect,1,2,5,10,FUDI,Fucus distichus,Wet,21,36,15,15
Ferry,3,11-Aug-22,1m Swath Transect,1,2,10,15,ZOMA,Zostera marina,Wet,21,22,1,1
Ferry,3,11-Aug-22,1m Swath Transect,1,2,10,15,CLSE,Cladophora sericea,Wet,0,0.5,0.5,0.5
Ferry,3,11-Aug-22,1m Swath Transect,1,2,10,15,FUDI,Fucus distichus,Wet,20,105,85,85
Ferry,3,11-Aug-22,1m Swath Transect,1,2,15,20,FUDI,Fucus distichus,Wet,20,55,35,35
Ferry,3,11-Aug-22,1m Swath Transect,1,2,15,20,ZOMA,Zostera marina,Wet,21,21.5,0.5,0.5
Ferry,3,11-Aug-22,1m Swath Transect,1,2,15,20,CLSE,Cladophora sericea,Wet,20,20.75,0.75,0.75
Ferry,3,11-Aug-22,1m Swath Transect,1,3,0,5,FUDI,Fucus distichus,Wet,20,80,60,60
Ferry,3,11-Aug-22,1m Swath Transect,1,3,0,5,ZOMA,Zostera marina,Dry,21,33,12,12
Ferry,3,11-Aug-22,1m Swath Transect,1,3,5,10,ZOMA,Zostera marina,Wet,21,24,3,3
Ferry,3,11-Aug-22,1m Swath Transect,1,3,5,10,FUDI,Fucus distichus,Wet,21,48,27,27
Ferry,3,11-Aug-22,1m Swath Transect,1,3,10,15,ZOMA,Zostera marina,Wet,21,21.5,0.5,0.5
Ferry,3,11-Aug-22,1m Swath Transect,1,3,10,15,CLSE,Cladophora sericea,Wet,21,23.5,2.5,2.5
Ferry,3,11-Aug-22,1m Swath Transect,1,3,10,15,FUDI,Fucus distichus,Wet,20,1960,1940,1940
Ferry,3,11-Aug-22,1m Swath Transect,1,3,15,20,FUDI,Fucus distichus,Wet,20,250,230,230
Ferry,3,11-Aug-22,1m Swath Transect,1,3,15,20,ZOMA,Zostera marina,Wet,20,20.5,0.5,0.5
Ferry,3,11-Aug-22,1m Swath Transect,1,3,15,20,CLSE,Cladophora sericea,Wet,21,21.75,0.75,0.75
OldSitka,4,12-Aug-22,1m Swath Transect,1,1,15,20,FUDI,Fucus distichus,Wet,20,31,11,11
OldSitka,4,12-Aug-22,1m Swath Transect,1,1,10,15,FUDI,Fucus distichus,Wet,20,55,35,35
OldSitka,4,12-Aug-22,1m Swath Transect,1,1,5,10,FUDI,Fucus distichus,Wet,20,41,21,21
OldSitka,4,12-Aug-22,1m Swath Transect,1,1,0,5,FUDI,Fucus distichus,Wet,20,505,485,485
OldSitka,4,12-Aug-22,1m Swath Transect,1,1,5,10,MAST,Mastocarpus spp.,Wet,0,0.269,0.269,0.269
OldSitka,4,12-Aug-22,1m Swath Transect,1,1,5,10,CHFL,Chordaria flagelliformis,Wet,0,2.333,2.333,2.333
OldSitka,4,12-Aug-22,1m Swath Transect,1,1,5,10,CLSE,Cladophora sericea,Wet,0,2.299,2.299,2.299
OldSitka,4,12-Aug-22,1m Swath Transect,1,1,5,10,ENMU,Endocladia muricata,Wet,0,0.15,0.15,0.15
OldSitka,4,12-Aug-22,1m Swath Transect,1,1,0,5,MAST,Mastocarpus spp.,Wet,0,5.442,5.442,5.442
OldSitka,4,12-Aug-22,1m Swath Transect,1,1,0,5,ULIN,Ulva intestinalis,Wet,0,1.007,1.007,1.007
OldSitka,4,12-Aug-22,1m Swath Transect,1,1,0,5,ZOMA,Zostera marina,Wet,0,1.747,1.747,1.747
OldSitka,4,12-Aug-22,1m Swath Transect,1,1,0,5,CHFL,Chordaria flagelliformis,Wet,0,0.213,0.213,0.213
OldSitka,4,12-Aug-22,1m Swath Transect,1,1,0,5,PYLI,Pylaiella littoralis,Wet,0,13.598,13.598,13.598
OldSitka,4,12-Aug-22,1m Swath Transect,1,1,0,5,CLSE,Cladophora sericea,Wet,0,5.873,5.873,5.873
OldSitka,4,12-Aug-22,1m Swath Transect,1,2,15,20,FUDI,Fucus distichus,Wet,19.5,26,6.5,6.5
OldSitka,4,12-Aug-22,1m Swath Transect,1,2,5,10,FUDI,Fucus distichus,Wet,20,37,17,17
OldSitka,4,12-Aug-22,1m Swath Transect,1,2,0,5,FUDI,Fucus distichus,Wet,20,785,765,765
OldSitka,4,12-Aug-22,1m Swath Transect,1,2,5,10,MAST,Mastocarpus spp.,Wet,0,0.474,0.474,0.474
OldSitka,4,12-Aug-22,1m Swath Transect,1,2,5,10,CLSE,Cladophora sericea,Wet,0,0.387,0.387,0.387
OldSitka,4,12-Aug-22,1m Swath Transect,1,2,5,10,PYLI,Pylaiella littoralis,Wet,0,0.768,0.768,0.768
OldSitka,4,12-Aug-22,1m Swath Transect,1,2,0,5,MAST,Mastocarpus spp.,Wet,0,5.981,5.981,5.981
OldSitka,4,12-Aug-22,1m Swath Transect,1,2,0,5,NEOR,Neorhodomela oregona,Wet,0,0.47,0.47,0.47
OldSitka,4,12-Aug-22,1m Swath Transect,1,2,0,5,ULIN,Ulva intestinalis,Wet,0,2.767,2.767,2.767
OldSitka,4,12-Aug-22,1m Swath Transect,1,2,0,5,CLSE,Cladophora sericea,Wet,0,5.856,5.856,5.856
OldSitka,4,12-Aug-22,1m Swath Transect,1,2,0,5,ZOMA,Zostera marina,Wet,0,0.721,0.721,0.721
OldSitka,4,12-Aug-22,1m Swath Transect,1,2,0,5,PYLI,Pylaiella littoralis,Wet,0,9.381,9.381,9.381
OldSitka,4,12-Aug-22,1m Swath Transect,1,2,0,5,CHFL,Chordaria flagelliformis,Wet,0,0.411,0.411,0.411
OldSitka,4,12-Aug-22,1m Swath Transect,1,2,0,5,ENMU,Endocladia muricata,Wet,0,1.254,1.254,1.254
OldSitka,4,12-Aug-22,1m Swath Transect,1,3,0,5,ZOMA,Zostera marina,Dry,21,24,3,3
OldSitka,4,12-Aug-22,1m Swath Transect,1,3,0,5,MAST,Mastocarpus spp.,Wet,21,23.5,2.5,2.5
OldSitka,4,12-Aug-22,1m Swath Transect,1,3,0,5,FUDI,Fucus distichus,Wet,20,690,670,670
OldSitka,4,12-Aug-22,1m Swath Transect,1,3,5,10,FUDI,Fucus distichus,Wet,20,1085,1065,1065
OldSitka,4,12-Aug-22,1m Swath Transect,1,3,10,15,FUDI,Fucus distichus,Wet,20,118,98,98
OldSitka,4,12-Aug-22,1m Swath Transect,1,3,15,20,FUDI,Fucus distichus,Wet,21,41,20,20
OldSitka,4,12-Aug-22,1m Swath Transect,1,3,5,10,ULIN,Ulva intestinalis,Wet,0,2.814,2.814,2.814
OldSitka,4,12-Aug-22,1m Swath Transect,1,3,5,10,PYLI,Pylaiella littoralis,Wet,0,28.625,28.625,28.625
OldSitka,4,12-Aug-22,1m Swath Transect,1,3,0,5,MAST,Mastocarpus spp.,Wet,0,6.336,6.336,6.336
OldSitka,4,12-Aug-22,1m Swath Transect,1,3,0,5,PYLI,Pylaiella littoralis,Wet,0,9.736,9.736,9.736
OldSitka,4,12-Aug-22,1m Swath Transect,1,3,0,5,CHFL,Chordaria flagelliformis,Wet,0,0.943,0.943,0.943
OldSitka,4,12-Aug-22,1m Swath Transect,1,3,0,5,CLSE,Cladophora sericea,Wet,0,1.742,1.742,1.742
OldSitka,4,12-Aug-22,1m Swath Transect,1,3,0,5,ULIN,Ulva intestinalis,Wet,0,2.554,2.554,2.554
OldSitka,4,12-Aug-22,1m Swath Transect,1,3,0,5,ZOMA,Zostera marina,Wet,0,1.719,1.719,1.719
OldSitka,4,12-Aug-22,1m Swath Transect,1,3,0,5,NEOR,Neorhodomela oregona,Wet,0,0.358,0.358,0.358
OldSitka,4,12-Aug-22,1m Swath Transect,1,3,5,10,DUAL,Dumontia alaskana,Wet,0,0.553,0.553,0.553
OldSitka,4,12-Aug-22,1m Swath Transect,1,3,5,10,NEOR,Neorhodomela oregona,Wet,0,13.164,13.164,13.164
OldSitka,4,12-Aug-22,1m Swath Transect,1,3,5,10,GLFU,Gloiopeltis furcata,Wet,0,0.158,0.158,0.158
OldSitka,4,12-Aug-22,1m Swath Transect,1,3,0,5,ULPR,Ulva prolifera,Wet,0,6.213,6.213,6.213
OldSitka,4,12-Aug-22,1m Swath Transect,1,3,0,5,CLSE,Cladophora sericea,Wet,0,1.712,1.712,1.712
OldSitka,4,12-Aug-22,1m Swath Transect,1,3,5,10,ULPR,Ulva prolifera,Wet,0,0.656,0.656,0.656
OldSitka,4,12-Aug-22,1m Swath Transect,1,3,5,10,CLSE,Cladophora sericea,Wet,0,5.165,5.165,5.165
OldSitka,4,12-Aug-22,1m Swath Transect,1,3,5,10,ENMU,Endocladia muricata,Wet,0,0.383,0.383,0.383
Eagle,5,14-Aug-22,1m Swath Transect,1,1,15,20,FUDI,Fucus distichus,Wet,20,140,120,120
Eagle,5,14-Aug-22,1m Swath Transect,1,1,15,20,PYLI,Pylaiella littoralis,Wet,31,32,1,1
Eagle,5,14-Aug-22,1m Swath Transect,1,1,15,20,ZOMA,Zostera marina,Wet,31,34.3,3.3,3.3
Eagle,5,14-Aug-22,1m Swath Transect,1,1,10,15,FUDI,Fucus distichus,Wet,31,33,2,2
Eagle,5,14-Aug-22,1m Swath Transect,1,1,5,10,FUDI,Fucus distichus,Wet,31.5,38.2,6.7,6.7
Eagle,5,14-Aug-22,1m Swath Transect,1,1,0,5,PYLI,Pylaiella littoralis,Wet,30,150,120,120
Eagle,5,14-Aug-22,1m Swath Transect,1,1,0,5,PYRO,Pyropia spp.,Wet,30,48.6,18.6,18.6
Eagle,5,14-Aug-22,1m Swath Transect,1,1,0,5,ZOMA,Zostera marina,Wet,30,69,39,39
Eagle,5,14-Aug-22,1m Swath Transect,1,1,0,5,FUDI,Fucus distichus,Wet,60,1860,1800,1800
Eagle,5,14-Aug-22,1m Swath Transect,1,1,0,5,CEPA,Ceramium pacificum,Wet,0,6.694,6.694,6.694
Eagle,5,14-Aug-22,1m Swath Transect,1,1,0,5,NELA,Neorhodomela larix,Wet,0,0.628,0.628,0.628
Eagle,5,14-Aug-22,1m Swath Transect,1,1,0,5,CLSE,Cladophora sericea,Wet,0,0.237,0.237,0.237
Eagle,5,14-Aug-22,1m Swath Transect,1,2,15,20,FUDI,Fucus distichus,Wet,36,55,19,19
Eagle,5,14-Aug-22,1m Swath Transect,1,2,5,10,FUDI,Fucus distichus,Wet,35,36,1,1
Eagle,5,14-Aug-22,1m Swath Transect,1,2,5,10,PYLI,Pylaiella littoralis,Wet,33,46.8,13.8,13.8
Eagle,5,14-Aug-22,1m Swath Transect,1,2,0,5,PYLI,Pylaiella littoralis,Wet,34,47.5,13.5,13.5
Eagle,5,14-Aug-22,1m Swath Transect,1,2,0,5,ZOMA,Zostera marina,Wet,34,43,9,9
Eagle,5,14-Aug-22,1m Swath Transect,1,2,0,5,FUDI,Fucus distichus,Wet,35,490,455,455
Eagle,5,14-Aug-22,1m Swath Transect,1,2,0,5,HAGL,Halosacccion glandiforme,Wet,0,1.366,1.366,1.366
Eagle,5,14-Aug-22,1m Swath Transect,1,2,0,5,ULIN,Ulva intestinalis,Wet,0,0.106,0.106,0.106
Eagle,5,14-Aug-22,1m Swath Transect,1,2,0,5,CEPA,Ceramium pacificum,Wet,0,2.276,2.276,2.276
Eagle,5,14-Aug-22,1m Swath Transect,1,2,0,5,MIBO,Microcladia borealis,Wet,0,0.686,0.686,0.686
Eagle,5,14-Aug-22,1m Swath Transect,1,3,15,20,FUDI,Fucus distichus,Wet,30,68,38,38
Eagle,5,14-Aug-22,1m Swath Transect,1,3,0,5,PYLI,Pylaiella littoralis,Wet,32,33.3,1.3,1.3
Eagle,5,14-Aug-22,1m Swath Transect,1,3,0,5,ZOMA,Zostera marina,Wet,31.5,44.2,12.7,12.7
Eagle,5,14-Aug-22,1m Swath Transect,1,3,0,5,FUDI,Fucus distichus,Wet,30,245,215,215
Harbor,6,16-Aug-22,1m Swath Transect,1,1,10,15,FUDI,Fucus distichus,Wet,22.5,43,20.5,20.5
Harbor,6,16-Aug-22,1m Swath Transect,1,1,10,15,MAST,Mastocarpus spp.,Wet,22.5,62,39.5,39.5
Harbor,6,16-Aug-22,1m Swath Transect,1,1,10,15,ZOMA,Zostera marina,Wet,22.5,27.25,4.75,4.75
Harbor,6,16-Aug-22,1m Swath Transect,1,1,10,15,NELA,Neorhodomela larix,Wet,0,0.828,0.828,0.828
Harbor,6,16-Aug-22,1m Swath Transect,1,1,5,10,NELA,Neorhodomela larix,Wet,21,44,23,23
Harbor,6,16-Aug-22,1m Swath Transect,1,1,5,10,DEAC,Desmarestia aculeata,Wet,21,34,13,13
Harbor,6,16-Aug-22,1m Swath Transect,1,1,5,10,MAST,Mastocarpus spp.,Wet,21,47,26,26
Harbor,6,16-Aug-22,1m Swath Transect,1,1,5,10,SALA,Saccharina latissima,Wet,21.5,24,2.5,2.5
Harbor,6,16-Aug-22,1m Swath Transect,1,1,5,10,OSSP,Osmundea spectabilis,Dry,0,0.338,0.338,0.338
Harbor,6,16-Aug-22,1m Swath Transect,1,1,5,10,ZOMA,Zostera marina,Wet,21,150,129,129
Harbor,6,16-Aug-22,1m Swath Transect,1,1,5,10,FUDI,Fucus distichus,Wet,21,545,524,524
Harbor,6,16-Aug-22,1m Swath Transect,1,1,0,5,DEAC,Desmarestia aculeata,Wet,25,240,215,215
Harbor,6,16-Aug-22,1m Swath Transect,1,1,0,5,MAPY,Macrocystis pyrifera,Wet,30,100,70,70
Harbor,6,16-Aug-22,1m Swath Transect,1,1,0,5,NELA,Neorhodomela larix,Wet,30,190,160,160
Harbor,6,16-Aug-22,1m Swath Transect,1,1,0,5,MAST,Mastocarpus spp.,Wet,30,230,200,200
Harbor,6,16-Aug-22,1m Swath Transect,1,1,0,5,ZOMA,Zostera marina,Wet,120,3660,3540,3540
Harbor,6,16-Aug-22,1m Swath Transect,1,1,0,5,FUDI,Fucus distichus,Wet,120,3310,3190,3190
Harbor,6,16-Aug-22,1m Swath Transect,1,1,5,10,MAPY,Macrocystis pyrifera,Wet,0,0.588,0.588,0.588
Harbor,6,16-Aug-22,1m Swath Transect,1,1,5,10,PAPA,Palmaria palmata,Wet,0,4.044,4.044,4.044
Harbor,6,16-Aug-22,1m Swath Transect,1,1,0,5,MAST,Mastocarpus spp.,Wet,0,0.596,0.596,0.596
Harbor,6,16-Aug-22,1m Swath Transect,1,1,0,5,PAPA,Palmaria palmata,Wet,0,14.668,14.668,14.668
Harbor,6,16-Aug-22,1m Swath Transect,1,1,0,5,NELA,Neorhodomela larix,Wet,0,0.127,0.127,0.127
Harbor,6,16-Aug-22,1m Swath Transect,1,1,10,15,OSSP,Osmundea spectabilis,Dry,0,0.11,0.11,0.11
Harbor,6,16-Aug-22,1m Swath Transect,1,1,0,5,OSSP,Osmundea spectabilis,Dry,0,0.121,0.121,0.121
Harbor,6,16-Aug-22,1m Swath Transect,1,2,15,20,FUDI,Fucus distichus,Wet,22,37,15,15
Harbor,6,16-Aug-22,1m Swath Transect,1,2,15,20,MAPY,Macrocystis pyrifera,Wet,21,22,1,1
Harbor,6,16-Aug-22,1m Swath Transect,1,2,10,15,ZOMA,Zostera marina,Wet,20.5,23,2.5,2.5
Harbor,6,16-Aug-22,1m Swath Transect,1,2,10,15,FUDI,Fucus distichus,Wet,20.5,21,0.5,0.5
Harbor,6,16-Aug-22,1m Swath Transect,1,2,10,15,MAST,Mastocarpus spp.,Wet,20.5,21,0.5,0.5
Harbor,6,16-Aug-22,1m Swath Transect,1,2,5,10,FUDI,Fucus distichus,Wet,35.5,60,24.5,24.5
Harbor,6,16-Aug-22,1m Swath Transect,1,2,5,10,MAST,Mastocarpus spp.,Wet,35,48,13,13
Harbor,6,16-Aug-22,1m Swath Transect,1,2,0,5,DEAC,Desmarestia aculeata,Wet,38,76,38,38
Harbor,6,16-Aug-22,1m Swath Transect,1,2,0,5,MAST,Mastocarpus spp.,Wet,38,80,42,42
Harbor,6,16-Aug-22,1m Swath Transect,1,2,0,5,NELA,Neorhodomela larix,Wet,40,85,45,45
Harbor,6,16-Aug-22,1m Swath Transect,1,2,0,5,MAPY,Macrocystis pyrifera,Wet,40,60,20,20
Harbor,6,16-Aug-22,1m Swath Transect,1,2,0,5,ZOMA,Zostera marina,Wet,40,440,400,400
Harbor,6,16-Aug-22,1m Swath Transect,1,2,0,5,FUDI,Fucus distichus,Wet,95,1375,1280,1280
Harbor,6,16-Aug-22,1m Swath Transect,1,2,5,10,NELA,Neorhodomela larix,Wet,0,2.665,2.665,2.665
Harbor,6,16-Aug-22,1m Swath Transect,1,2,5,10,DEAC,Desmarestia aculeata,Wet,0,0.726,0.726,0.726
Harbor,6,16-Aug-22,1m Swath Transect,1,2,5,10,PAPA,Palmaria palmata,Wet,0,1.56,1.56,1.56
Harbor,6,16-Aug-22,1m Swath Transect,1,2,5,10,MAST,Mastocarpus spp.,Wet,0,1.1,1.1,1.1
Harbor,6,16-Aug-22,1m Swath Transect,1,2,5,10,OSSP,Osmundea spectabilis,Dry,0,0.291,0.291,0.291
Harbor,6,16-Aug-22,1m Swath Transect,1,3,15,20,ZOMA,Zostera marina,Wet,21,22,1,1
Harbor,6,16-Aug-22,1m Swath Transect,1,3,15,20,FUDI,Fucus distichus,Wet,20.5,21.5,1,1
Harbor,6,16-Aug-22,1m Swath Transect,1,3,10,15,MAST,Mastocarpus spp.,Wet,20,22,2,2
Harbor,6,16-Aug-22,1m Swath Transect,1,3,10,15,ZOMA,Zostera marina,Wet,20.5,20.75,0.25,0.25
Harbor,6,16-Aug-22,1m Swath Transect,1,3,10,15,FUDI,Fucus distichus,Wet,22,22.25,0.25,0.25
Harbor,6,16-Aug-22,1m Swath Transect,1,3,5,10,NELA,Neorhodomela larix,Wet,30,55,25,25
Harbor,6,16-Aug-22,1m Swath Transect,1,3,5,10,DEAC,Desmarestia aculeata,Wet,36,38,2,2
Harbor,6,16-Aug-22,1m Swath Transect,1,3,5,10,ZOMA,Zostera marina,Wet,39,44,5,5
Harbor,6,16-Aug-22,1m Swath Transect,1,3,5,10,MAST,Mastocarpus spp.,Wet,38,42,4,4
Harbor,6,16-Aug-22,1m Swath Transect,1,3,5,10,FUDI,Fucus distichus,Wet,30,225,195,195
Harbor,6,16-Aug-22,1m Swath Transect,1,3,0,5,DEAC,Desmarestia aculeata,Wet,30,90,60,60
Harbor,6,16-Aug-22,1m Swath Transect,1,3,0,5,NELA,Neorhodomela larix,Wet,40,105,65,65
Harbor,6,16-Aug-22,1m Swath Transect,1,3,0,5,ZOMA,Zostera marina,Wet,45,90,45,45
Harbor,6,16-Aug-22,1m Swath Transect,1,3,0,5,FUDI,Fucus distichus,Wet,100,1630,1530,1530
Harbor,6,16-Aug-22,1m Swath Transect,1,3,0,5,OPCA,Opuntiella californica,Wet,0,1.276,1.276,1.276
Harbor,6,16-Aug-22,1m Swath Transect,1,3,0,5,PAPA,Palmaria palmata,Wet,0,5.93,5.93,5.93
Harbor,6,16-Aug-22,1m Swath Transect,1,3,0,5,OSSP,Osmundea spectabilis,Dry,0,0.534,0.534,0.534
Private,7,17-Aug-22,1m Swath Transect,1,1,15,20,FUDI,Fucus distichus,Wet,36,70,34,34
Private,7,17-Aug-22,1m Swath Transect,1,1,5,10,FUDI,Fucus distichus,Wet,30,260,230,230
Private,7,17-Aug-22,1m Swath Transect,1,1,5,10,PTSE,Ptilota serrata,Wet,43,49.25,6.25,6.25
Private,7,17-Aug-22,1m Swath Transect,1,1,0,5,ZOMA,Zostera marina,Wet,40,115,75,75
Private,7,17-Aug-22,1m Swath Transect,1,1,0,5,PYLI,Pylaiella littoralis,Wet,40,108,68,68
Private,7,17-Aug-22,1m Swath Transect,1,1,0,5,DEAC,Desmarestia aculeata,Wet,50,105,55,55
Private,7,17-Aug-22,1m Swath Transect,1,1,0,5,FUDI,Fucus distichus,Wet,820,8960,8140,8140
Private,7,17-Aug-22,1m Swath Transect,1,1,0,5,NELA,Neorhodomela larix,Wet,0,2.669,2.669,2.669
Private,7,17-Aug-22,1m Swath Transect,1,1,0,5,CHEX,Chondracanthus exasperatus,Wet,0,1.418,1.418,1.418
Private,7,17-Aug-22,1m Swath Transect,1,1,0,5,SALA,Saccharina latissima,Wet,0,0.562,0.562,0.562
Private,7,17-Aug-22,1m Swath Transect,1,1,0,5,PTSE,Ptilota serrata,Wet,0,10.522,10.522,10.522
Private,7,17-Aug-22,1m Swath Transect,1,1,0,5,PAPA,Palmaria palmata,Wet,0,0.242,0.242,0.242
Private,7,17-Aug-22,1m Swath Transect,1,1,0,5,AHFA,Ahnfeltia fastigata,Dry,0,0.786,0.786,0.786
Private,7,17-Aug-22,1m Swath Transect,1,1,0,5,GRCA,Grateloupia californica,Dry,0,0.152,0.152,0.152
Private,7,17-Aug-22,1m Swath Transect,1,2,15,20,FUDI,Fucus distichus,Wet,39,43,4,4
Private,7,17-Aug-22,1m Swath Transect,1,2,10,15,ZOMA,Zostera marina,Wet,41,42,1,1
Private,7,17-Aug-22,1m Swath Transect,1,2,10,15,NELA,Neorhodomela larix,Wet,41,42.5,1.5,1.5
Private,7,17-Aug-22,1m Swath Transect,1,2,5,10,FUDI,Fucus distichus,Wet,50,280,230,230
Private,7,17-Aug-22,1m Swath Transect,1,2,5,10,ZOMA,Zostera marina,Wet,43,43.5,0.5,0.5
Private,7,17-Aug-22,1m Swath Transect,1,2,5,10,PTSE,Ptilota serrata,Wet,41,42,1,1
Private,7,17-Aug-22,1m Swath Transect,1,2,5,10,NELA,Neorhodomela larix,Wet,41,41.5,0.5,0.5
Private,7,17-Aug-22,1m Swath Transect,1,2,0,5,ZOMA,Zostera marina,Wet,50,85,35,35
Private,7,17-Aug-22,1m Swath Transect,1,2,0,5,DEAC,Desmarestia aculeata,Wet,50,90,40,40
Private,7,17-Aug-22,1m Swath Transect,1,2,0,5,NELA,Neorhodomela larix,Wet,50,60,10,10
Private,7,17-Aug-22,1m Swath Transect,1,2,0,5,FUDI,Fucus distichus,Wet,660,8630,7970,7970
Private,7,17-Aug-22,1m Swath Transect,1,2,0,5,MAST,Mastocarpus spp.,Wet,0,1.682,1.682,1.682
Private,7,17-Aug-22,1m Swath Transect,1,2,0,5,CHEX,Chondracanthus exasperatus,Wet,0,4.335,4.335,4.335
Private,7,17-Aug-22,1m Swath Transect,1,2,0,5,PYLI,Pylaiella littoralis,Wet,0,14.798,14.798,14.798
Private,7,17-Aug-22,1m Swath Transect,1,2,0,5,NEOX,Neorhodomela spp.,Wet,0,2.851,2.851,2.851
Private,7,17-Aug-22,1m Swath Transect,1,2,0,5,GRCA,Grateloupia californica,Dry,0,0.096,0.096,0.096
Private,7,17-Aug-22,1m Swath Transect,1,3,15,20,ZOMA,Zostera marina,Wet,41.5,42.75,1.25,1.25
Private,7,17-Aug-22,1m Swath Transect,1,3,10,15,FUDI,Fucus distichus,Wet,40,57,17,17
Private,7,17-Aug-22,1m Swath Transect,1,3,5,10,ZOMA,Zostera marina,Wet,42,46,4,4
Private,7,17-Aug-22,1m Swath Transect,1,3,5,10,FUDI,Fucus distichus,Wet,40,290,250,250
Private,7,17-Aug-22,1m Swath Transect,1,3,0,5,ZOMA,Zostera marina,Wet,50,110,60,60
Private,7,17-Aug-22,1m Swath Transect,1,3,0,5,PYLI,Pylaiella littoralis,Wet,50,85,35,35
Private,7,17-Aug-22,1m Swath Transect,1,3,0,5,FUDI,Fucus distichus,Wet,325,4750,4425,4425
Private,7,17-Aug-22,1m Swath Transect,1,3,0,5,NELA,Neorhodomela larix,Wet,0,9.636,9.636,9.636
Private,7,17-Aug-22,1m Swath Transect,1,3,0,5,CHEX,Chondracanthus exasperatus,Wet,0,3.422,3.422,3.422
Private,7,17-Aug-22,1m Swath Transect,1,3,0,5,PTSE,Ptilota serrata,Wet,0,1.33,1.33,1.33
Private,7,17-Aug-22,1m Swath Transect,1,3,0,5,GRCA,Grateloupia californica,Dry,0,1.081,1.081,1.081
Jamestown,8,24-Aug-22,1m Swath Transect,1,1,10,15,FUDI,Fucus distichus,Wet,19,74,55,55
Jamestown,8,24-Aug-22,1m Swath Transect,1,1,10,15,ZOMA,Zostera marina,Wet,21,21.5,0.5,0.5
Jamestown,8,24-Aug-22,1m Swath Transect,1,1,15,20,FUDI,Fucus distichus,Wet,20,450,430,430
Jamestown,8,24-Aug-22,1m Swath Transect,1,1,5,10,FUDI,Fucus distichus,Wet,20,240,220,220
Jamestown,8,24-Aug-22,1m Swath Transect,1,1,5,10,ZOMA,Zostera marina,Wet,19.5,20,0.5,0.5
Jamestown,8,24-Aug-22,1m Swath Transect,1,1,5,10,AHFA,Ahnfeltia fastigata,Wet,0,1.507,1.507,1.507
Jamestown,8,24-Aug-22,1m Swath Transect,1,1,0,5,ZOMA,Zostera marina,Wet,20,42.5,22.5,22.5
Jamestown,8,24-Aug-22,1m Swath Transect,1,1,0,5,FUDI,Fucus distichus,Wet,60,2510,2450,2450
Jamestown,8,24-Aug-22,1m Swath Transect,1,2,15,20,ZOMA,Zostera marina,Wet,20.5,21,0.5,0.5
Jamestown,8,24-Aug-22,1m Swath Transect,1,2,15,20,FUDI,Fucus distichus,Wet,19.5,23.4,3.9,3.9
Jamestown,8,24-Aug-22,1m Swath Transect,1,2,10,15,FUDI,Fucus distichus,Wet,20,42,22,22
Jamestown,8,24-Aug-22,1m Swath Transect,1,2,5,10,FUDI,Fucus distichus,Wet,20,530,510,510
Jamestown,8,24-Aug-22,1m Swath Transect,1,2,5,10,ZOMA,Zostera marina,Wet,20,20.25,0.25,0.25
Jamestown,8,24-Aug-22,1m Swath Transect,1,2,0,5,ZOMA,Zostera marina,Wet,20.5,21.75,1.25,1.25
Jamestown,8,24-Aug-22,1m Swath Transect,1,2,0,5,FUDI,Fucus distichus,Wet,20,380,360,360
Jamestown,8,24-Aug-22,1m Swath Transect,1,2,0,5,PYLI,Pylaiella littoralis,Dry,0,0.035,0.035,0.035
Jamestown,8,24-Aug-22,1m Swath Transect,1,3,15,20,FUDI,Fucus distichus,Wet,20,100,80,80
Jamestown,8,24-Aug-22,1m Swath Transect,1,3,10,15,FUDI,Fucus distichus,Wet,20,320,300,300
Jamestown,8,24-Aug-22,1m Swath Transect,1,3,5,10,FUDI,Fucus distichus,Wet,20,750,730,730
Jamestown,8,24-Aug-22,1m Swath Transect,1,3,0,5,ZOMA,Zostera marina,Dry,20.5,31.25,10.75,10.75
Jamestown,8,24-Aug-22,1m Swath Transect,1,3,0,5,FUDI,Fucus distichus,Wet,40,1400,1360,1360
Jamestown,8,24-Aug-22,1m Swath Transect,1,3,0,5,AHFA,Ahnfeltia fastigata,Dry,0,2.765,2.765,2.765
Halibut,9,25-Aug-22,1m Swath Transect,1,1,15,20,FUDI,Fucus distichus,Wet,20,75,55,55
Halibut,9,25-Aug-22,1m Swath Transect,1,1,15,20,ZOMA,Zostera marina,Wet,30,30.5,0.5,0.5
Halibut,9,25-Aug-22,1m Swath Transect,1,1,10,15,FUDI,Fucus distichus,Wet,30,83,53,53
Halibut,9,25-Aug-22,1m Swath Transect,1,1,0,5,MAPY,Macrocystis pyrifera,Wet,0,4.185,4.185,4.185
Halibut,9,25-Aug-22,1m Swath Transect,1,1,0,5,NELA,Neorhodomela larix,Wet,0,9.361,9.361,9.361
Halibut,9,25-Aug-22,1m Swath Transect,1,1,5,10,FUDI,Fucus distichus,Wet,40,90,50,50
Halibut,9,25-Aug-22,1m Swath Transect,1,1,5,10,ZOMA,Zostera marina,Wet,40,105,65,65
Halibut,9,25-Aug-22,1m Swath Transect,1,1,5,10,MAST,Mastocarpus spp.,Wet,0,1.027,1.027,1.027
Halibut,9,25-Aug-22,1m Swath Transect,1,1,0,5,ZOMA,Zostera marina,Wet,45,95,50,50
Halibut,9,25-Aug-22,1m Swath Transect,1,1,0,5,DEAC,Desmarestia aculeata,Wet,45,90,45,45
Halibut,9,25-Aug-22,1m Swath Transect,1,1,0,5,FUDI,Fucus distichus,Wet,280,4770,4490,4490
Halibut,9,25-Aug-22,1m Swath Transect,1,1,10,15,ZOMA,Zostera marina,Wet,0,2.136,2.136,2.136
Halibut,9,25-Aug-22,1m Swath Transect,1,1,10,15,CHAE,Chaetomorpha sp.,Wet,0,2.24,2.24,2.24
Halibut,9,25-Aug-22,1m Swath Transect,1,1,15,20,CHAE,Chaetomorpha sp.,Wet,0,3.292,3.292,3.292
Halibut,9,25-Aug-22,1m Swath Transect,1,1,0,5,CHEX,Chondracanthus exasperatus,Wet,0,2.071,2.071,2.071
Halibut,9,25-Aug-22,1m Swath Transect,1,1,0,5,ULIN,Ulva intestinalis,Wet,0,6.888,6.888,6.888
Halibut,9,25-Aug-22,1m Swath Transect,1,1,0,5,GRCA,Grateloupia californica,Wet,0,9.485,9.485,9.485
Halibut,9,25-Aug-22,1m Swath Transect,1,1,0,5,CHFL,Chordaria flagelliformis,Wet,0,0.754,0.754,0.754
Halibut,9,25-Aug-22,1m Swath Transect,1,1,0,5,MAPH,Mazzaella phyllocarpa,Wet,0,0.595,0.595,0.595
Halibut,9,25-Aug-22,1m Swath Transect,1,2,15,20,FUDI,Fucus distichus,Wet,35,155,120,120
Halibut,9,25-Aug-22,1m Swath Transect,1,2,10,15,FUDI,Fucus distichus,Wet,40,380,340,340
Halibut,9,25-Aug-22,1m Swath Transect,1,2,15,20,ULIN,Ulva intestinalis,Wet,0,1.673,1.673,1.673
Halibut,9,25-Aug-22,1m Swath Transect,1,2,15,20,ZOMA,Zostera marina,Wet,0,1.577,1.577,1.577
Halibut,9,25-Aug-22,1m Swath Transect,1,2,5,10,ZOMA,Zostera marina,Wet,35,145,110,110
Halibut,9,25-Aug-22,1m Swath Transect,1,2,5,10,FUDI,Fucus distichus,Wet,40,260,220,220
Halibut,9,25-Aug-22,1m Swath Transect,1,2,0,5,ZOMA,Zostera marina,Wet,40,210,170,170
Halibut,9,25-Aug-22,1m Swath Transect,1,2,0,5,DEAC,Desmarestia aculeata,Wet,35,100,65,65
Halibut,9,25-Aug-22,1m Swath Transect,1,2,0,5,FUDI,Fucus distichus,Wet,495,9705,9210,9210
Halibut,9,25-Aug-22,1m Swath Transect,1,2,5,10,NELA,Neorhodomela larix,Wet,0,8.733,8.733,8.733
Halibut,9,25-Aug-22,1m Swath Transect,1,2,0,5,CHEX,Chondracanthus exasperatus,Wet,0,5.583,5.583,5.583
Halibut,9,25-Aug-22,1m Swath Transect,1,2,10,15,ZOMA,Zostera marina,Wet,0,6.812,6.812,6.812
Halibut,9,25-Aug-22,1m Swath Transect,1,2,10,15,ULIN,Ulva intestinalis,Wet,0,1.282,1.282,1.282
Halibut,9,25-Aug-22,1m Swath Transect,1,2,15,20,HAGL,Halosacccion glandiforme,Wet,0,0.759,0.759,0.759
Halibut,9,25-Aug-22,1m Swath Transect,1,2,5,10,HAGL,Halosacccion glandiforme,Wet,0,0.222,0.222,0.222
Halibut,9,25-Aug-22,1m Swath Transect,1,2,5,10,ULIN,Ulva intestinalis,Wet,0,10.324,10.324,10.324
Halibut,9,25-Aug-22,1m Swath Transect,1,2,0,5,NELA,Neorhodomela larix,Wet,0,10.045,10.045,10.045
Halibut,9,25-Aug-22,1m Swath Transect,1,2,0,5,GRCA,Grateloupia californica,Wet,0,9.63,9.63,9.63
Halibut,9,25-Aug-22,1m Swath Transect,1,2,0,5,ULIN,Ulva intestinalis,Wet,0,10.531,10.531,10.531
Halibut,9,25-Aug-22,1m Swath Transect,1,2,0,5,PAPA,Palmaria palmata,Wet,0,0.318,0.318,0.318
Halibut,9,25-Aug-22,1m Swath Transect,1,3,10,15,FUDI,Fucus distichus,Wet,40,130,90,90
Halibut,9,25-Aug-22,1m Swath Transect,1,3,10,15,ZOMA,Zostera marina,Wet,0,0.615,0.615,0.615
Halibut,9,25-Aug-22,1m Swath Transect,1,3,15,20,ZOMA,Zostera marina,Wet,0,0.318,0.318,0.318
Halibut,9,25-Aug-22,1m Swath Transect,1,3,5,10,FUDI,Fucus distichus,Wet,50,90,40,40
Halibut,9,25-Aug-22,1m Swath Transect,1,3,0,5,MAPY,Macrocystis pyrifera,Wet,50,330,280,280
Halibut,9,25-Aug-22,1m Swath Transect,1,3,0,5,DEAC,Desmarestia aculeata,Wet,40,360,320,320
Halibut,9,25-Aug-22,1m Swath Transect,1,3,0,5,ZOMA,Zostera marina,Wet,40,200,160,160
Halibut,9,25-Aug-22,1m Swath Transect,1,3,0,5,FUDI,Fucus distichus,Wet,320,7670,7350,7350
Halibut,9,25-Aug-22,1m Swath Transect,1,3,15,20,ULIN,Ulva intestinalis,Wet,0,1.403,1.403,1.403
Halibut,9,25-Aug-22,1m Swath Transect,1,3,10,15,ULIN,Ulva intestinalis,Wet,0,0.301,0.301,0.301
Halibut,9,25-Aug-22,1m Swath Transect,1,3,0,5,NELA,Neorhodomela larix,Wet,0,4.516,4.516,4.516
Halibut,9,25-Aug-22,1m Swath Transect,1,3,0,5,CHEX,Chondracanthus exasperatus,Wet,0,1.928,1.928,1.928
Halibut,9,25-Aug-22,1m Swath Transect,1,3,0,5,GRCA,Grateloupia californica,Wet,0,0.916,0.916,0.916
Halibut,9,25-Aug-22,1m Swath Transect,1,3,0,5,CYTR,Cymathaere triplicata,Wet,0,0.847,0.847,0.847
NetIsland,10,26-Aug-22,1m Swath Transect,1,1,5,10,MAPY,Macrocystis pyrifera,Wet,215,4990,4775,4775
NetIsland,10,26-Aug-22,1m Swath Transect,1,1,5,10,ZOMA,Zostera marina,Wet,28,56,28,28
NetIsland,10,26-Aug-22,1m Swath Transect,1,1,5,10,FUDI,Fucus distichus,Wet,25,55,30,30
NetIsland,10,26-Aug-22,1m Swath Transect,1,1,0,5,ZOMA,Zostera marina,Wet,40,75,35,35
NetIsland,10,26-Aug-22,1m Swath Transect,1,1,0,5,FUDI,Fucus distichus,Wet,80,1070,990,990
NetIsland,10,26-Aug-22,1m Swath Transect,1,1,0,5,DEAC,Desmarestia aculeata,Wet,0,5.637,5.637,5.637
NetIsland,10,26-Aug-22,1m Swath Transect,1,1,0,5,NELA,Neorhodomela larix,Wet,0,3.721,3.721,3.721
NetIsland,10,26-Aug-22,1m Swath Transect,1,1,15,20,FUDI,Fucus distichus,Wet,0,0.718,0.718,0.718
NetIsland,10,26-Aug-22,1m Swath Transect,1,1,15,20,ZOMA,Zostera marina,Wet,0,0.769,0.769,0.769
NetIsland,10,26-Aug-22,1m Swath Transect,1,2,15,20,FUDI,Fucus distichus,Wet,30,70,40,40
NetIsland,10,26-Aug-22,1m Swath Transect,1,2,10,15,FUDI,Fucus distichus,Wet,30,55,25,25
NetIsland,10,26-Aug-22,1m Swath Transect,1,2,15,20,ZOMA,Zostera marina,Wet,28.75,29,0.25,0.25
NetIsland,10,26-Aug-22,1m Swath Transect,1,2,0,5,ZOMA,Zostera marina,Wet,38,112,74,74
NetIsland,10,26-Aug-22,1m Swath Transect,1,2,0,5,MAPY,Macrocystis pyrifera,Wet,40,53,13,13
NetIsland,10,26-Aug-22,1m Swath Transect,1,2,0,5,FUDI,Fucus distichus,Wet,80,1165,1085,1085
NetIsland,10,26-Aug-22,1m Swath Transect,1,2,5,10,ZOMA,Zostera marina,Wet,0,3.009,3.009,3.009
NetIsland,10,26-Aug-22,1m Swath Transect,1,2,5,10,MAPY,Macrocystis pyrifera,Wet,0,1.627,1.627,1.627
NetIsland,10,26-Aug-22,1m Swath Transect,1,2,0,5,DEAC,Desmarestia aculeata,Wet,0,7.107,7.107,7.107
NetIsland,10,26-Aug-22,1m Swath Transect,1,2,0,5,NELA,Neorhodomela larix,Wet,0,0.23,0.23,0.23
NetIsland,10,26-Aug-22,1m Swath Transect,1,3,15,20,FUDI,Fucus distichus,Wet,30,110,80,80
NetIsland,10,26-Aug-22,1m Swath Transect,1,3,15,20,ZOMA,Zostera marina,Wet,28.5,31.5,3,3
NetIsland,10,26-Aug-22,1m Swath Transect,1,3,10,15,FUDI,Fucus distichus,Wet,30,70,40,40
NetIsland,10,26-Aug-22,1m Swath Transect,1,3,10,15,ZOMA,Zostera marina,Wet,28.75,30,1.25,1.25
NetIsland,10,26-Aug-22,1m Swath Transect,1,3,5,10,FUDI,Fucus distichus,Wet,40,70,30,30
NetIsland,10,26-Aug-22,1m Swath Transect,1,3,5,10,ZOMA,Zostera marina,Wet,44,47.5,3.5,3.5
NetIsland,10,26-Aug-22,1m Swath Transect,1,3,0,5,MAPY,Macrocystis pyrifera,Wet,35,72,37,37
NetIsland,10,26-Aug-22,1m Swath Transect,1,3,0,5,ZOMA,Zostera marina,Wet,35,155,120,120
NetIsland,10,26-Aug-22,1m Swath Transect,1,3,0,5,DEAC,Desmarestia aculeata,Wet,35,100,65,65
NetIsland,10,26-Aug-22,1m Swath Transect,1,3,0,5,NELA,Neorhodomela larix,Wet,34,49,15,15
NetIsland,10,26-Aug-22,1m Swath Transect,1,3,0,5,FUDI,Fucus distichus,Wet,240,6690,6450,6450
NetIsland,10,26-Aug-22,1m Swath Transect,1,3,0,5,GRCA,Grateloupia californica,Wet,0,0.258,0.258,0.258
Shotgun,11,29-Aug-22,1m Swath Transect,1,1,15,20,FUDI,Fucus distichus,Wet,27,110,83,83
Shotgun,11,29-Aug-22,1m Swath Transect,1,1,10,15,FUDI,Fucus distichus,Wet,25,55,30,30
Shotgun,11,29-Aug-22,1m Swath Transect,1,1,5,10,FUDI,Fucus distichus,Wet,25,78,53,53
Shotgun,11,29-Aug-22,1m Swath Transect,1,1,0,5,FUDI,Fucus distichus,Wet,50,320,270,270
Shotgun,11,29-Aug-22,1m Swath Transect,1,1,0,5,ZOMA,Zostera marina,Wet,50,90,40,40
Shotgun,11,29-Aug-22,1m Swath Transect,1,1,0,5,MAPY,Macrocystis pyrifera,Wet,0,1.976,1.976,1.976
Shotgun,11,29-Aug-22,1m Swath Transect,1,1,0,5,HAGL,Halosacccion glandiforme,Wet,0,0.579,0.579,0.579
Shotgun,11,29-Aug-22,1m Swath Transect,1,1,0,5,NELA,Neorhodomela larix,Wet,0,0.528,0.528,0.528
Shotgun,11,29-Aug-22,1m Swath Transect,1,1,0,5,MAST,Mastocarpus spp.,Wet,0,0.234,0.234,0.234
Shotgun,11,29-Aug-22,1m Swath Transect,1,1,0,5,LEMA,Leathesia marina,Wet,0,6.75,6.75,6.75
Shotgun,11,29-Aug-22,1m Swath Transect,1,1,0,5,ULLA,Ulva latuca,Wet,0,4.556,4.556,4.556
Shotgun,11,29-Aug-22,1m Swath Transect,1,1,0,5,PYRO,Pyropia spp.,Wet,0,0.683,0.683,0.683
Shotgun,11,29-Aug-22,1m Swath Transect,1,1,0,5,POPA,Polysiphonia pacifica,Wet,0,0.805,0.805,0.805
Shotgun,11,29-Aug-22,1m Swath Transect,1,1,5,10,ZOMA,Zostera marina,Wet,0,1.175,1.175,1.175
Shotgun,11,29-Aug-22,1m Swath Transect,1,1,5,10,NELA,Neorhodomela larix,Wet,0,1.235,1.235,1.235
Shotgun,11,29-Aug-22,1m Swath Transect,1,1,5,10,POPA,Polysiphonia pacifica,Wet,0,0.353,0.353,0.353
Shotgun,11,29-Aug-22,1m Swath Transect,1,1,5,10,MAST,Mastocarpus spp.,Wet,0,1.326,1.326,1.326
Shotgun,11,29-Aug-22,1m Swath Transect,1,1,15,20,ZOMA,Zostera marina,Wet,0,0.233,0.233,0.233
Shotgun,11,29-Aug-22,1m Swath Transect,1,1,15,20,SALA,Saccharina latissima,Wet,0,0.866,0.866,0.866
Shotgun,11,29-Aug-22,1m Swath Transect,1,1,15,20,POPA,Polysiphonia pacifica,Wet,0,0.117,0.117,0.117
Shotgun,11,29-Aug-22,1m Swath Transect,1,1,10,15,SALA,Saccharina latissima,Wet,0,1.267,1.267,1.267
Shotgun,11,29-Aug-22,1m Swath Transect,1,2,15,20,FUDI,Fucus distichus,Wet,25,150,125,125
Shotgun,11,29-Aug-22,1m Swath Transect,1,2,10,15,FUDI,Fucus distichus,Wet,30,75,45,45
Shotgun,11,29-Aug-22,1m Swath Transect,1,2,5,10,FUDI,Fucus distichus,Wet,35,73,38,38
Shotgun,11,29-Aug-22,1m Swath Transect,1,2,0,5,FUDI,Fucus distichus,Wet,50,240,190,190
Shotgun,11,29-Aug-22,1m Swath Transect,1,2,0,5,ZOMA,Zostera marina,Wet,50,60,10,10
Shotgun,11,29-Aug-22,1m Swath Transect,1,2,0,5,LEMA,Leathesia marina,Wet,0,2.11,2.11,2.11
Shotgun,11,29-Aug-22,1m Swath Transect,1,2,0,5,NELA,Neorhodomela larix,Wet,0,0.328,0.328,0.328
Shotgun,11,29-Aug-22,1m Swath Transect,1,2,0,5,ULPR,Ulva prolifera,Wet,0,2.46,2.46,2.46
Shotgun,11,29-Aug-22,1m Swath Transect,1,2,0,5,ULLA,Ulva latuca,Wet,0,12.687,12.687,12.687
Shotgun,11,29-Aug-22,1m Swath Transect,1,2,0,5,MAST,Mastocarpus spp.,Wet,0,0.047,0.047,0.047
Shotgun,11,29-Aug-22,1m Swath Transect,1,2,0,5,POPA,Polysiphonia pacifica,Wet,0,0.569,0.569,0.569
Shotgun,11,29-Aug-22,1m Swath Transect,1,2,5,10,ZOMA,Zostera marina,Wet,0,2.883,2.883,2.883
Shotgun,11,29-Aug-22,1m Swath Transect,1,2,5,10,SALA,Saccharina latissima,Wet,0,0.23,0.23,0.23
Shotgun,11,29-Aug-22,1m Swath Transect,1,2,5,10,DEAC,Desmarestia aculeata,Wet,0,0.381,0.381,0.381
Shotgun,11,29-Aug-22,1m Swath Transect,1,2,5,10,PTSE,Ptilota serrata,Wet,0,0.052,0.052,0.052
Shotgun,11,29-Aug-22,1m Swath Transect,1,2,15,20,ZOMA,Zostera marina,Wet,0,0.242,0.242,0.242
Shotgun,11,29-Aug-22,1m Swath Transect,1,2,10,15,ODFL,Odonthalia floccosa,Wet,0,0.835,0.835,0.835
Shotgun,11,29-Aug-22,1m Swath Transect,1,3,15,20,FUDI,Fucus distichus,Wet,40,55,15,15
Shotgun,11,29-Aug-22,1m Swath Transect,1,3,10,15,FUDI,Fucus distichus,Wet,40,95,55,55
Shotgun,11,29-Aug-22,1m Swath Transect,1,3,5,10,FUDI,Fucus distichus,Wet,55,68,13,13
Shotgun,11,29-Aug-22,1m Swath Transect,1,3,0,5,FUDI,Fucus distichus,Wet,52,410,358,358
Shotgun,11,29-Aug-22,1m Swath Transect,1,3,0,5,ZOMA,Zostera marina,Wet,50,125,75,75
Shotgun,11,29-Aug-22,1m Swath Transect,1,3,0,5,MAPY,Macrocystis pyrifera,Wet,70,175,105,105
Shotgun,11,29-Aug-22,1m Swath Transect,1,3,0,5,LEMA,Leathesia marina,Wet,0,5.18,5.18,5.18
Shotgun,11,29-Aug-22,1m Swath Transect,1,3,0,5,ULLA,Ulva latuca,Wet,0,6.451,6.451,6.451
Shotgun,11,29-Aug-22,1m Swath Transect,1,3,5,10,ZOMA,Zostera marina,Wet,0,1.472,1.472,1.472
Shotgun,11,29-Aug-22,1m Swath Transect,1,3,10,15,ZOMA,Zostera marina,Wet,0,0.716,0.716,0.716
Cruise,12,30-Aug-22,1m Swath Transect,1,1,15,20,FUDI,Fucus distichus,Wet,20,85,65,65
Cruise,12,30-Aug-22,1m Swath Transect,1,1,10,15,FUDI,Fucus distichus,Wet,23,42,19,19
Cruise,12,30-Aug-22,1m Swath Transect,1,1,5,10,FUDI,Fucus distichus,Wet,21,32.5,11.5,11.5
Cruise,12,30-Aug-22,1m Swath Transect,1,1,0,5,ZOMA,Zostera marina,Wet,40,98,58,58
Cruise,12,30-Aug-22,1m Swath Transect,1,1,0,5,MAPY,Macrocystis pyrifera,Wet,45,480,435,435
Cruise,12,30-Aug-22,1m Swath Transect,1,1,0,5,FUDI,Fucus distichus,Wet,530,7945,7415,7415
Cruise,12,30-Aug-22,1m Swath Transect,1,1,0,5,DEAC,Desmarestia aculeata,Wet,0,2.043,2.043,2.043
Cruise,12,30-Aug-22,1m Swath Transect,1,1,0,5,NELA,Neorhodomela larix,Wet,0,2.585,2.585,2.585
Cruise,12,30-Aug-22,1m Swath Transect,1,1,0,5,GRCA,Grateloupia californica,Wet,0,10.034,10.034,10.034
Cruise,12,30-Aug-22,1m Swath Transect,1,2,15,20,FUDI,Fucus distichus,Wet,20,78,58,58
Cruise,12,30-Aug-22,1m Swath Transect,1,2,10,15,FUDI,Fucus distichus,Wet,22,35.5,13.5,13.5
Cruise,12,30-Aug-22,1m Swath Transect,1,2,0,5,ZOMA,Zostera marina,Wet,45,120,75,75
Cruise,12,30-Aug-22,1m Swath Transect,1,2,0,5,MAPY,Macrocystis pyrifera,Wet,178,2885,2707,2707
Cruise,12,30-Aug-22,1m Swath Transect,1,2,0,5,FUDI,Fucus distichus,Wet,537,7025,6488,6488
Cruise,12,30-Aug-22,1m Swath Transect,1,2,15,20,MAST,Mastocarpus spp.,Wet,0,0.248,0.248,0.248
Cruise,12,30-Aug-22,1m Swath Transect,1,2,5,10,GRCA,Grateloupia californica,Wet,0,1.134,1.134,1.134
Cruise,12,30-Aug-22,1m Swath Transect,1,2,0,5,AHFA,Ahnfeltia fastigata,Wet,0,2.575,2.575,2.575
Cruise,12,30-Aug-22,1m Swath Transect,1,2,0,5,GRCA,Grateloupia californica,Wet,0,5.899,5.899,5.899
Cruise,12,30-Aug-22,1m Swath Transect,1,2,0,5,NEOX,Neorhodomela spp.,Wet,0,5.218,5.218,5.218
Cruise,12,30-Aug-22,1m Swath Transect,1,3,15,20,FUDI,Fucus distichus,Wet,20,155,135,135
Cruise,12,30-Aug-22,1m Swath Transect,1,3,5,10,FUDI,Fucus distichus,Wet,23,27.5,4.5,4.5
Cruise,12,30-Aug-22,1m Swath Transect,1,3,0,5,ZOMA,Zostera marina,Wet,48,140,92,92
Cruise,12,30-Aug-22,1m Swath Transect,1,3,0,5,MAPY,Macrocystis pyrifera,Wet,48,170,122,122
Cruise,12,30-Aug-22,1m Swath Transect,1,3,0,5,FUDI,Fucus distichus,Wet,450,7015,6565,6565
Cruise,12,30-Aug-22,1m Swath Transect,1,3,10,15,ZOMA,Zostera marina,Wet,0,0.139,0.139,0.139
Cruise,12,30-Aug-22,1m Swath Transect,1,3,0,5,ULLA,Ulva latuca,Wet,0,2.063,2.063,2.063
Cruise,12,30-Aug-22,1m Swath Transect,1,3,0,5,MAST,Mastocarpus spp.,Wet,0,2.044,2.044,2.044
Cruise,12,30-Aug-22,1m Swath Transect,1,3,0,5,NEOX,Neorhodomela spp.,Wet,0,17.27,17.27,17.27
Cruise,12,30-Aug-22,1m Swath Transect,1,3,0,5,OSSP,Osmundea spectabilis,Wet,0,0.341,0.341,0.341
Cruise,12,30-Aug-22,1m Swath Transect,1,3,0,5,GRCA,Grateloupia californica,Wet,0,20.972,20.972,20.972
Cruise,12,30-Aug-22,1m Swath Transect,1,3,0,5,MAPH,Mazzaella phyllocarpa,Wet,0,0.979,0.979,0.979
Mosquito,13,1-Sep-22,1m Swath Transect,1,1,15,20,FUDI,Fucus distichus,Wet,25,155,130,130
Mosquito,13,1-Sep-22,1m Swath Transect,1,1,10,15,FUDI,Fucus distichus,Wet,22,65,43,43
Mosquito,13,1-Sep-22,1m Swath Transect,1,1,5,10,FUDI,Fucus distichus,Wet,22,55,33,33
Mosquito,13,1-Sep-22,1m Swath Transect,1,1,0,5,FUDI,Fucus distichus,Wet,220,6325,6105,6105
Mosquito,13,1-Sep-22,1m Swath Transect,1,1,15,20,ZOMA,Zostera marina,Wet,0,0.685,0.685,0.685
Mosquito,13,1-Sep-22,1m Swath Transect,1,1,10,15,ZOMA,Zostera marina,Wet,0,0.061,0.061,0.061
Mosquito,13,1-Sep-22,1m Swath Transect,1,1,10,15,ULIN,Ulva intestinalis,Wet,0,0.075,0.075,0.075
Mosquito,13,1-Sep-22,1m Swath Transect,1,1,5,10,ZOMA,Zostera marina,Wet,0,0.511,0.511,0.511
Mosquito,13,1-Sep-22,1m Swath Transect,1,1,5,10,GRCA,Grateloupia californica,Wet,0,0.851,0.851,0.851
Mosquito,13,1-Sep-22,1m Swath Transect,1,1,0,5,ZOMA,Zostera marina,Wet,0,49.701,49.701,49.701
Mosquito,13,1-Sep-22,1m Swath Transect,1,1,0,5,ULIN,Ulva intestinalis,Wet,0,0.719,0.719,0.719
Mosquito,13,1-Sep-22,1m Swath Transect,1,1,0,5,NELA,Neorhodomela larix,Wet,0,6.831,6.831,6.831
Mosquito,13,1-Sep-22,1m Swath Transect,1,1,0,5,DEAC,Desmarestia aculeata,Wet,0,0.588,0.588,0.588
Mosquito,13,1-Sep-22,1m Swath Transect,1,1,0,5,GRCA,Grateloupia californica,Wet,0,8.081,8.081,8.081
Mosquito,13,1-Sep-22,1m Swath Transect,1,1,0,5,ULLA,Ulva latuca,Wet,0,2.434,2.434,2.434
Mosquito,13,1-Sep-22,1m Swath Transect,1,1,0,5,MAST,Mastocarpus spp.,Wet,0,0.963,0.963,0.963
Mosquito,13,1-Sep-22,1m Swath Transect,1,1,0,5,POPA,Polysiphonia pacifica,Wet,0,4.92,4.92,4.92
Mosquito,13,1-Sep-22,1m Swath Transect,1,2,15,20,FUDI,Fucus distichus,Wet,22,210,188,188
Mosquito,13,1-Sep-22,1m Swath Transect,1,2,10,15,FUDI,Fucus distichus,Wet,25,100,75,75
Mosquito,13,1-Sep-22,1m Swath Transect,1,2,5,10,FUDI,Fucus distichus,Wet,26,38.5,12.5,12.5
Mosquito,13,1-Sep-22,1m Swath Transect,1,2,0,5,MAPY,Macrocystis pyrifera,Wet,30,150,120,120
Mosquito,13,1-Sep-22,1m Swath Transect,1,2,0,5,FUDI,Fucus distichus,Wet,235,5985,5750,5750
Mosquito,13,1-Sep-22,1m Swath Transect,1,2,5,10,ZOMA,Zostera marina,Wet,0,1.58,1.58,1.58
Mosquito,13,1-Sep-22,1m Swath Transect,1,2,5,10,ULIN,Ulva intestinalis,Wet,0,0.529,0.529,0.529
Mosquito,13,1-Sep-22,1m Swath Transect,1,2,0,5,ZOMA,Zostera marina,Wet,0,42.628,42.628,42.628
Mosquito,13,1-Sep-22,1m Swath Transect,1,2,0,5,AHFA,Ahnfeltia fastigata,Wet,0,0.163,0.163,0.163
Mosquito,13,1-Sep-22,1m Swath Transect,1,2,0,5,ULIN,Ulva intestinalis,Wet,0,0.819,0.819,0.819
Mosquito,13,1-Sep-22,1m Swath Transect,1,2,0,5,MAST,Mastocarpus spp.,Wet,0,1.945,1.945,1.945
Mosquito,13,1-Sep-22,1m Swath Transect,1,2,0,5,GRCA,Grateloupia californica,Wet,0,13.236,13.236,13.236
Mosquito,13,1-Sep-22,1m Swath Transect,1,2,0,5,NELA,Neorhodomela larix,Wet,0,1.864,1.864,1.864
Mosquito,13,1-Sep-22,1m Swath Transect,1,2,0,5,DEAC,Desmarestia aculeata,Wet,0,0.212,0.212,0.212
Mosquito,13,1-Sep-22,1m Swath Transect,1,2,0,5,POPA,Polysiphonia pacifica,Wet,0,2.8,2.8,2.8
Mosquito,13,1-Sep-22,1m Swath Transect,1,3,15,20,FUDI,Fucus distichus,Wet,25,112,87,87
Mosquito,13,1-Sep-22,1m Swath Transect,1,3,10,15,FUDI,Fucus distichus,Wet,27,47,20,20
Mosquito,13,1-Sep-22,1m Swath Transect,1,3,5,10,FUDI,Fucus distichus,Wet,28,31,3,3
Mosquito,13,1-Sep-22,1m Swath Transect,1,3,5,10,NELU,Nereocystis luetkeana,Wet,28,35,7,7
Mosquito,13,1-Sep-22,1m Swath Transect,1,3,0,5,FUDI,Fucus distichus,Wet,171,5880,5709,5709
Mosquito,13,1-Sep-22,1m Swath Transect,1,3,15,20,ZOMA,Zostera marina,Wet,0,1.597,1.597,1.597
Mosquito,13,1-Sep-22,1m Swath Transect,1,3,10,15,ZOMA,Zostera marina,Wet,0,0.528,0.528,0.528
Mosquito,13,1-Sep-22,1m Swath Transect,1,3,0,5,ZOMA,Zostera marina,Wet,0,20.869,20.869,20.869
Mosquito,13,1-Sep-22,1m Swath Transect,1,3,0,5,AHFA,Ahnfeltia fastigata,Wet,0,1.624,1.624,1.624
Mosquito,13,1-Sep-22,1m Swath Transect,1,3,0,5,ULIN,Ulva intestinalis,Wet,0,1.207,1.207,1.207
Mosquito,13,1-Sep-22,1m Swath Transect,1,3,0,5,MAST,Mastocarpus spp.,Wet,0,1.376,1.376,1.376
Mosquito,13,1-Sep-22,1m Swath Transect,1,3,0,5,GRCA,Grateloupia californica,Wet,0,13.572,13.572,13.572
Mosquito,13,1-Sep-22,1m Swath Transect,1,3,0,5,NELA,Neorhodomela larix,Wet,0,3.594,3.594,3.594
Mosquito,13,1-Sep-22,1m Swath Transect,1,3,0,5,ODFL,Odonthalia floccosa,Wet,0,0.727,0.727,0.727
Totem,14,9-Sep-22,1m Swath Transect,1,1,15,20,FUDI,Fucus distichus,Wet,20,58,38,38
Totem,14,9-Sep-22,1m Swath Transect,1,1,10,15,ZOMA,Zostera marina,Wet,21.5,28,6.5,6.5
Totem,14,9-Sep-22,1m Swath Transect,1,1,10,15,FUDI,Fucus distichus,Wet,20,95,75,75
Totem,14,9-Sep-22,1m Swath Transect,1,1,5,10,FUDI,Fucus distichus,Wet,20,53,33,33
Totem,14,9-Sep-22,1m Swath Transect,1,1,0,5,FUDI,Fucus distichus,Wet,4298,41635,37337,37337
Totem,14,9-Sep-22,1m Swath Transect,1,1,0,5,ZOMA,Zostera marina,Wet,0,100.922,100.922,100.922
Totem,14,9-Sep-22,1m Swath Transect,1,1,0,5,DEAC,Desmarestia aculeata,Wet,0,10.957,10.957,10.957
Totem,14,9-Sep-22,1m Swath Transect,1,1,0,5,AHFA,Ahnfeltia fastigata,Wet,0,1.602,1.602,1.602
Totem,14,9-Sep-22,1m Swath Transect,1,1,0,5,NELA,Neorhodomela larix,Wet,0,4.627,4.627,4.627
Totem,14,9-Sep-22,1m Swath Transect,1,1,0,5,ACCO,Acrosiphonia coalita,Wet,0,1.306,1.306,1.306
Totem,14,9-Sep-22,1m Swath Transect,1,2,15,20,FUDI,Fucus distichus,Wet,73,2710,2637,2637
Totem,14,9-Sep-22,1m Swath Transect,1,2,5,10,FUDI,Fucus distichus,Wet,55,1140,1085,1085
Totem,14,9-Sep-22,1m Swath Transect,1,2,10,15,FUDI,Fucus distichus,Wet,85,2620,2535,2535
Totem,14,9-Sep-22,0.5m Swath Transect,0.5,2,0,5,FUDI,Fucus distichus,Wet,2170,22120,19950,39900
Totem,14,9-Sep-22,1m Swath Transect,1,2,10,15,ZOMA,Zostera marina,Wet,0,5.451,5.451,5.451
Totem,14,9-Sep-22,1m Swath Transect,1,2,10,15,ULLA,Ulva latuca,Wet,0,0.356,0.356,0.356
Totem,14,9-Sep-22,1m Swath Transect,1,2,5,10,ZOMA,Zostera marina,Wet,0,3.711,3.711,3.711
Totem,14,9-Sep-22,1m Swath Transect,1,2,5,10,HAGL,Halosacccion glandiforme,Wet,0,4.371,4.371,4.371
Totem,14,9-Sep-22,0.5m Swath Transect,0.5,2,0,5,GRCA,Grateloupia californica,Wet,0,0.997,0.997,1.994
Totem,14,9-Sep-22,0.5m Swath Transect,0.5,2,0,5,ACCO,Acrosiphonia coalita,Wet,0,1.905,1.905,3.81
Totem,14,9-Sep-22,0.5m Swath Transect,0.5,2,0,5,ZOMA,Zostera marina,Wet,0,32.495,32.495,64.99
Totem,14,9-Sep-22,1m Swath Transect,1,3,15,20,FUDI,Fucus distichus,Wet,207,4920,4713,4713
Totem,14,9-Sep-22,1m Swath Transect,1,3,10,15,SALA,Saccharina latissima,Wet,35,55,20,20
Totem,14,9-Sep-22,1m Swath Transect,1,3,10,15,FUDI,Fucus distichus,Wet,366,7970,7604,7604
Totem,14,9-Sep-22,1m Swath Transect,1,3,5,10,FUDI,Fucus distichus,Wet,238,5305,5067,5067
Totem,14,9-Sep-22,0.5m Swath Transect,0.5,3,0,5,FUDI,Fucus distichus,Wet,2450,28510,26060,52120
Totem,14,9-Sep-22,1m Swath Transect,1,3,15,20,ZOMA,Zostera marina,Wet,0,2.811,2.811,2.811
Totem,14,9-Sep-22,1m Swath Transect,1,3,15,20,ACCO,Acrosiphonia coalita,Wet,0,0.693,0.693,0.693
Totem,14,9-Sep-22,1m Swath Transect,1,3,15,20,ULLA,Ulva latuca,Wet,0,0.149,0.149,0.149
Totem,14,9-Sep-22,1m Swath Transect,1,3,10,15,ZOMA,Zostera marina,Wet,0,0.556,0.556,0.556
Totem,14,9-Sep-22,1m Swath Transect,1,3,10,15,GRCA,Grateloupia californica,Wet,0,11.297,11.297,11.297
Totem,14,9-Sep-22,1m Swath Transect,1,3,10,15,ULLA,Ulva latuca,Wet,0,0.189,0.189,0.189
Totem,14,9-Sep-22,1m Swath Transect,1,3,10,15,ACCO,Acrosiphonia coalita,Wet,0,15.968,15.968,15.968
Totem,14,9-Sep-22,1m Swath Transect,1,3,5,10,ZOMA,Zostera marina,Wet,0,0.531,0.531,0.531
Totem,14,9-Sep-22,1m Swath Transect,1,3,5,10,GRCA,Grateloupia californica,Wet,0,1.797,1.797,1.797
Totem,14,9-Sep-22,1m Swath Transect,1,3,5,10,NELA,Neorhodomela larix,Wet,0,0.449,0.449,0.449
Totem,14,9-Sep-22,1m Swath Transect,1,3,5,10,ACCO,Acrosiphonia coalita,Wet,0,3.001,3.001,3.001
Totem,14,9-Sep-22,0.5m Swath Transect,0.5,3,0,5,AHFA,Ahnfeltia fastigata,Wet,0,8.841,8.841,17.682
Totem,14,9-Sep-22,0.5m Swath Transect,0.5,3,0,5,NELA,Neorhodomela larix,Wet,0,1.199,1.199,2.398
Totem,14,9-Sep-22,0.5m Swath Transect,0.5,3,0,5,GRCA,Grateloupia californica,Wet,0,0.483,0.483,0.966
Totem,14,9-Sep-22,0.5m Swath Transect,0.5,3,0,5,ZOMA,Zostera marina,Wet,0,13.719,13.719,27.438
Indian,15,10-Sep-22,1m Swath Transect,1,1,5,10,FUDI,Fucus distichus,Wet,30,135,105,105
Indian,15,10-Sep-22,0.5m Swath Transect,0.5,1,0,5,FUDI,Fucus distichus,Wet,1853,38890,37037,74074
Indian,15,10-Sep-22,1m Swath Transect,1,1,10,15,ULLA,Ulva latuca,Wet,0,3.5,3.5,3.5
Indian,15,10-Sep-22,1m Swath Transect,1,1,5,10,ULLA,Ulva latuca,Wet,0,26.032,26.032,26.032
Indian,15,10-Sep-22,1m Swath Transect,1,1,5,10,HAGL,Halosacccion glandiforme,Wet,0,1.364,1.364,1.364
Indian,15,10-Sep-22,1m Swath Transect,1,1,5,10,ZOMA,Zostera marina,Wet,0,0.871,0.871,0.871
Indian,15,10-Sep-22,1m Swath Transect,1,1,5,10,PAPA,Palmaria palmata,Wet,0,0.218,0.218,0.218
Indian,15,10-Sep-22,1m Swath Transect,1,1,5,10,CEPA,Ceramium pacificum,Wet,0,19.146,19.146,19.146
Indian,15,10-Sep-22,0.5m Swath Transect,0.5,1,0,5,ULLA,Ulva latuca,Wet,0,120.119,120.119,240.238
Indian,15,10-Sep-22,0.5m Swath Transect,0.5,1,0,5,ZOMA,Zostera marina,Wet,0,37.962,37.962,75.924
Indian,15,10-Sep-22,0.5m Swath Transect,0.5,1,0,5,CEPA,Ceramium pacificum,Wet,0,30.036,30.036,60.072
Indian,15,10-Sep-22,0.5m Swath Transect,0.5,1,0,5,DEAC,Desmarestia aculeata,Wet,0,15.764,15.764,31.528
Indian,15,10-Sep-22,0.5m Swath Transect,0.5,1,0,5,PAPA,Palmaria palmata,Wet,0,0.104,0.104,0.208
Indian,15,10-Sep-22,0.5m Swath Transect,0.5,1,0,5,NEOX,Neorhodomela spp.,Wet,0,0.479,0.479,0.958
Indian,15,10-Sep-22,0.5m Swath Transect,0.5,1,0,5,HAGL,Halosacccion glandiforme,Wet,0,2.764,2.764,5.528
Indian,15,10-Sep-22,0.5m Swath Transect,0.5,1,0,5,OSSP,Osmundea spectabilis,Wet,0,15.589,15.589,31.178
Indian,15,10-Sep-22,0.5m Swath Transect,0.5,1,0,5,GRCA,Grateloupia californica,Wet,0,17.316,17.316,34.632
Indian,15,10-Sep-22,0.5m Swath Transect,0.5,1,0,5,CHEX,Chondracanthus exasperatus,Wet,0,28.415,28.415,56.83
Indian,15,10-Sep-22,0.5m Swath Transect,0.5,1,0,5,SALA,Saccharina latissima,Wet,0,59.565,59.565,119.13
Indian,15,10-Sep-22,1m Swath Transect,1,2,5,10,FUDI,Fucus distichus,Wet,30,125,95,95
Indian,15,10-Sep-22,0.5m Swath Transect,0.5,2,0,5,FUDI,Fucus distichus,Wet,2920,43710,40790,81580
Indian,15,10-Sep-22,1m Swath Transect,1,2,15,20,FUDI,Fucus distichus,Wet,0,13.024,13.024,13.024
Indian,15,10-Sep-22,1m Swath Transect,1,2,10,15,FUDI,Fucus distichus,Wet,0,0.844,0.844,0.844
Indian,15,10-Sep-22,0.5m Swath Transect,0.5,2,0,5,ULLA,Ulva latuca,Wet,0,71.082,71.082,142.164
Indian,15,10-Sep-22,0.5m Swath Transect,0.5,2,0,5,PYRO,Pyropia spp.,Wet,0,5.562,5.562,11.124
Indian,15,10-Sep-22,0.5m Swath Transect,0.5,2,0,5,GRCA,Grateloupia californica,Wet,0,1.962,1.962,3.924
Indian,15,10-Sep-22,0.5m Swath Transect,0.5,2,0,5,ZOMA,Zostera marina,Wet,0,12.542,12.542,25.084
Indian,15,10-Sep-22,0.5m Swath Transect,0.5,2,0,5,PAPA,Palmaria palmata,Wet,0,0.053,0.053,0.106
Indian,15,10-Sep-22,0.5m Swath Transect,0.5,2,0,5,DEAC,Desmarestia aculeata,Wet,0,35.209,35.209,70.418
Indian,15,10-Sep-22,0.5m Swath Transect,0.5,2,0,5,CEPA,Ceramium pacificum,Wet,0,52.541,52.541,105.082
Indian,15,10-Sep-22,1m Swath Transect,1,3,5,10,FUDI,Fucus distichus,Wet,30,88,58,58
Indian,15,10-Sep-22,0.5m Swath Transect,0.5,3,0,5,FUDI,Fucus distichus,Wet,5305,68275,62970,125940
Indian,15,10-Sep-22,0.5m Swath Transect,0.5,3,0,5,AHFA,Ahnfeltia fastigata,Wet,0,2.867,2.867,5.734
Indian,15,10-Sep-22,0.5m Swath Transect,0.5,3,0,5,DEAC,Desmarestia aculeata,Wet,0,31.725,31.725,63.45
Indian,15,10-Sep-22,0.5m Swath Transect,0.5,3,0,5,SALA,Saccharina latissima,Wet,0,4.283,4.283,8.566
Indian,15,10-Sep-22,0.5m Swath Transect,0.5,3,0,5,GRCA,Grateloupia californica,Wet,0,1.009,1.009,2.018
Indian,15,10-Sep-22,0.5m Swath Transect,0.5,3,0,5,NEOX,Neorhodomela spp.,Wet,0,0.767,0.767,1.534
Indian,15,10-Sep-22,0.5m Swath Transect,0.5,3,0,5,ZOMA,Zostera marina,Wet,0,15.066,15.066,30.132
Indian,15,10-Sep-22,0.5m Swath Transect,0.5,3,0,5,ULLA,Ulva latuca,Wet,0,25.815,25.815,51.63