site,site_number,sampling_date,sampling_method,transect_number,end_distance,species_ID,species,start_distance_from_upper_transect,end_distance_from_upper_transect,total_distance
Sandy,1,6-Aug-22,Line Intercept Transect,1,20,WOOD,Wood,0.383,0.402,0.019
Sandy,1,6-Aug-22,Line Intercept Transect,1,20,FUDI,Fucus dischitus,3.3,3.38,0.08
Sandy,1,6-Aug-22,Line Intercept Transect,1,20,FUDI,Fucus dischitus,3.47,3.49,0.02
Sandy,1,6-Aug-22,Line Intercept Transect,1,20,FUDI,Fucus dischitus,4.25,4.35,0.1
Sandy,1,6-Aug-22,Line Intercept Transect,1,20,FUDI,Fucus dischitus,5.27,5.31,0.04
Sandy,1,6-Aug-22,Line Intercept Transect,1,20,ZOMA,Zostera marina,5.64,5.66,0.02
Sandy,1,6-Aug-22,Line Intercept Transect,2,20,ZOMA,Zostera marina,3.821,3.823,0.002
Sandy,1,6-Aug-22,Line Intercept Transect,2,20,ZOMA,Zostera marina,6.025,6.027,0.002
Sandy,1,6-Aug-22,Line Intercept Transect,3,20,WOOD,Wood,1.3,1.35,0.05
Sandy,1,6-Aug-22,Line Intercept Transect,3,20,HAGL,Halosacccion glandiforme,5.225,5.557,0.332
Magic,2,9-Aug-22,Line Intercept Transect,1,20,FUDI,Fucus dischitus,0.69,0.71,0.02
Magic,2,9-Aug-22,Line Intercept Transect,1,20,FUDI,Fucus dischitus,0.758,0.868,0.11
Magic,2,9-Aug-22,Line Intercept Transect,1,20,FUDI,Fucus dischitus,0.9,0.93,0.03
Magic,2,9-Aug-22,Line Intercept Transect,1,20,FUDI,Fucus dischitus,1.732,1.875,0.143
Magic,2,9-Aug-22,Line Intercept Transect,1,20,ZOMA,Zostera marina,1.92,1.956,0.036
Magic,2,9-Aug-22,Line Intercept Transect,1,20,DEAC,Desmarestia aculeata,2.01,2.02,0.01
Magic,2,9-Aug-22,Line Intercept Transect,1,20,ZOMA,Zostera marina,2.02,2.048,0.028
Magic,2,9-Aug-22,Line Intercept Transect,1,20,FUDI,Fucus dischitus,2.11,2.13,0.02
Magic,2,9-Aug-22,Line Intercept Transect,1,20,ZOMA,Zostera marina,2.228,2.28,0.052
Magic,2,9-Aug-22,Line Intercept Transect,1,20,ZOMA,Zostera marina,2.542,2.544,0.002
Magic,2,9-Aug-22,Line Intercept Transect,1,20,FUDI,Fucus dischitus,2.558,2.578,0.02
Magic,2,9-Aug-22,Line Intercept Transect,1,20,DEAC,Desmarestia aculeata,3.186,3.39,0.204
Magic,2,9-Aug-22,Line Intercept Transect,1,20,CYTR,Cymathaere triplicata,3.39,3.4,0.01
Magic,2,9-Aug-22,Line Intercept Transect,1,20,DEAC,Desmarestia aculeata,3.4,3.51,0.11
Magic,2,9-Aug-22,Line Intercept Transect,1,20,FUDI,Fucus dischitus,3.556,3.604,0.048
Magic,2,9-Aug-22,Line Intercept Transect,1,20,ZOMA,Zostera marina,3.604,3.648,0.044
Magic,2,9-Aug-22,Line Intercept Transect,1,20,DEAC,Fucus dischitus,3.648,3.754,0.106
Magic,2,9-Aug-22,Line Intercept Transect,1,20,ZOMA,Zostera marina,3.754,3.832,0.078
Magic,2,9-Aug-22,Line Intercept Transect,1,20,ZOMA,Desmarestia aculeata,3.832,3.93,0.098
Magic,2,9-Aug-22,Line Intercept Transect,1,20,ZOMA,Zostera marina,4.044,4.095,0.051
Magic,2,9-Aug-22,Line Intercept Transect,1,20,ZOMA,Zostera marina,4.118,4.15,0.032
Magic,2,9-Aug-22,Line Intercept Transect,1,20,ZOMA,Zostera marina,4.173,4.184,0.011
Magic,2,9-Aug-22,Line Intercept Transect,1,20,ZOMA,Zostera marina,4.257,4.33,0.073
Magic,2,9-Aug-22,Line Intercept Transect,1,20,FUDI,Zostera marina,4.374,4.395,0.021
Magic,2,9-Aug-22,Line Intercept Transect,1,20,FUDI,Zostera marina,4.465,4.508,0.043
Magic,2,9-Aug-22,Line Intercept Transect,1,20,FUDI,Fucus dischitus,4.33,4.374,0.044
Magic,2,9-Aug-22,Line Intercept Transect,1,20,MAPY,Fucus dischitus,4.395,4.465,0.07
Magic,2,9-Aug-22,Line Intercept Transect,1,20,ZOMA,Fucus dischitus,4.618,4.854,0.236
Magic,2,9-Aug-22,Line Intercept Transect,1,20,ZOMA,Macrocystis pyrifera,4.508,4.602,0.094
Magic,2,9-Aug-22,Line Intercept Transect,1,20,FUDI,Zostera marina,4.602,4.618,0.016
Magic,2,9-Aug-22,Line Intercept Transect,1,20,FUDI,Zostera marina,4.654,4.718,0.064
Magic,2,9-Aug-22,Line Intercept Transect,1,20,FUDI,Fucus dischitus,8.28,8.344,0.064
Magic,2,9-Aug-22,Line Intercept Transect,2,20,FUDI,Fucus dischitus,0.896,0.95,0.054
Magic,2,9-Aug-22,Line Intercept Transect,2,20,FUDI,Fucus dischitus,1.36,1.386,0.026
Magic,2,9-Aug-22,Line Intercept Transect,2,20,FUDI,Fucus dischitus,1.418,1.463,0.045
Magic,2,9-Aug-22,Line Intercept Transect,2,20,FUDI,Fucus dischitus,1.483,1.595,0.112
Magic,2,9-Aug-22,Line Intercept Transect,2,20,ZOMA,Zostera marina,1.595,1.604,0.009
Magic,2,9-Aug-22,Line Intercept Transect,2,20,FUDI,Fucus dischitus,3.096,3.142,0.046
Magic,2,9-Aug-22,Line Intercept Transect,2,20,ZOMA,Zostera marina,3.142,3.235,0.093
Magic,2,9-Aug-22,Line Intercept Transect,2,20,FUDI,Fucus dischitus,3.235,3.26,0.025
Magic,2,9-Aug-22,Line Intercept Transect,2,20,ZOMA,Zostera marina,3.26,3.312,0.052
Magic,2,9-Aug-22,Line Intercept Transect,2,20,FUDI,Fucus dischitus,3.312,3.39,0.078
Magic,2,9-Aug-22,Line Intercept Transect,2,20,DEAC,Desmarestia aculeata,3.515,3.52,0.005
Magic,2,9-Aug-22,Line Intercept Transect,2,20,FUDI,Fucus dischitus,3.52,3.536,0.016
Magic,2,9-Aug-22,Line Intercept Transect,2,20,DEAC,Desmarestia aculeata,3.536,3.554,0.018
Magic,2,9-Aug-22,Line Intercept Transect,2,20,ZOMA,Zostera marina,3.63,3.658,0.028
Magic,2,9-Aug-22,Line Intercept Transect,2,20,DEAC,Desmarestia aculeata,3.658,3.664,0.006
Magic,2,9-Aug-22,Line Intercept Transect,2,20,FUDI,Fucus dischitus,3.664,3.871,0.207
Magic,2,9-Aug-22,Line Intercept Transect,2,20,ZOMA,Zostera marina,4.06,4.073,0.013
Magic,2,9-Aug-22,Line Intercept Transect,2,20,FUDI,Fucus dischitus,4.136,4.154,0.018
Magic,2,9-Aug-22,Line Intercept Transect,2,20,ZOMA,Zostera marina,4.454,4.54,0.086
Magic,2,9-Aug-22,Line Intercept Transect,2,20,ZOMA,Zostera marina,11.22,11.225,0.005
Magic,2,9-Aug-22,Line Intercept Transect,2,20,WOOD,Wood,0.395,0.43,0.035
Magic,2,9-Aug-22,Line Intercept Transect,3,20,FUDI,Fucus dischitus,0.66,0.675,0.015
Magic,2,9-Aug-22,Line Intercept Transect,3,20,FUDI,Fucus dischitus,0.723,0.81,0.087
Magic,2,9-Aug-22,Line Intercept Transect,3,20,DEAC,Desmarestia aculeata,0.81,0.86,0.05
Magic,2,9-Aug-22,Line Intercept Transect,3,20,FUDI,Fucus dischitus,0.942,0.975,0.033
Magic,2,9-Aug-22,Line Intercept Transect,3,20,DEAC,Desmarestia aculeata,1.162,1.178,0.016
Magic,2,9-Aug-22,Line Intercept Transect,3,20,ZOMA,Zostera marina,1.178,1.246,0.068
Magic,2,9-Aug-22,Line Intercept Transect,3,20,DEAC,Desmarestia aculeata,1.32,1.36,0.04
Magic,2,9-Aug-22,Line Intercept Transect,3,20,FUDI,Fucus dischitus,1.659,1.674,0.015
Magic,2,9-Aug-22,Line Intercept Transect,3,20,ZOMA,Zostera marina,3.063,3.085,0.022
Magic,2,9-Aug-22,Line Intercept Transect,3,20,FUDI,Fucus dischitus,3.35,3.425,0.075
Magic,2,9-Aug-22,Line Intercept Transect,3,20,DEAC,Desmarestia aculeata,3.425,3.49,0.065
Magic,2,9-Aug-22,Line Intercept Transect,3,20,ZOMA,Zostera marina,3.59,3.66,0.07
Magic,2,9-Aug-22,Line Intercept Transect,3,20,ZOMA,Zostera marina,3.775,3.818,0.043
Magic,2,9-Aug-22,Line Intercept Transect,3,20,ZOMA,Zostera marina,3.972,4.12,0.148
Magic,2,9-Aug-22,Line Intercept Transect,3,20,FUDI,Fucus dischitus,4.12,4.295,0.175
Magic,2,9-Aug-22,Line Intercept Transect,3,20,WOOD,Wood,2.44,2.459,0.019
Ferry,3,11-Aug-22,Line Intercept Transect,1,20,FUDI,Fucus dischitus,1.335,1.4,0.065
Ferry,3,11-Aug-22,Line Intercept Transect,1,20,WOOD,Wood,1.8,1.85,0.05
Ferry,3,11-Aug-22,Line Intercept Transect,1,20,FUDI,Fucus dischitus,1.865,1.899,0.034
Ferry,3,11-Aug-22,Line Intercept Transect,1,20,ZOMA,Zostera marina,1.91,1.919,0.009
Ferry,3,11-Aug-22,Line Intercept Transect,1,20,ZOMA,Zostera marina,1.945,1.95,0.005
Ferry,3,11-Aug-22,Line Intercept Transect,1,20,ZOMA,Zostera marina,2.1,2.112,0.012
Ferry,3,11-Aug-22,Line Intercept Transect,1,20,FUDI,Fucus dischitus,2.856,2.862,0.006
Ferry,3,11-Aug-22,Line Intercept Transect,1,20,FUDI,Fucus dischitus,3.09,3.103,0.013
Ferry,3,11-Aug-22,Line Intercept Transect,1,20,ZOMA,Zostera marina,3.215,3.22,0.005
Ferry,3,11-Aug-22,Line Intercept Transect,1,20,FUDI,Fucus dischitus,3.228,3.247,0.019
Ferry,3,11-Aug-22,Line Intercept Transect,1,20,ZOMA,Zostera marina,5.743,5.749,0.006
Ferry,3,11-Aug-22,Line Intercept Transect,1,20,FUDI,Fucus dischitus,6.284,6.309,0.025
Ferry,3,11-Aug-22,Line Intercept Transect,1,20,FUDI,Fucus dischitus,14.505,14.668,0.163
Ferry,3,11-Aug-22,Line Intercept Transect,1,20,FUDI,Fucus dischitus,15.029,15.09,0.061
Ferry,3,11-Aug-22,Line Intercept Transect,1,20,FUDI,Fucus dischitus,17.765,17.8,0.035
Ferry,3,11-Aug-22,Line Intercept Transect,2,20,FUDI,Fucus dischitus,1.156,1.17,0.014
Ferry,3,11-Aug-22,Line Intercept Transect,2,20,FUDI,Fucus dischitus,1.205,1.214,0.009
Ferry,3,11-Aug-22,Line Intercept Transect,2,20,FUDI,Fucus dischitus,1.316,1.341,0.025
Ferry,3,11-Aug-22,Line Intercept Transect,2,20,ZOMA,Zostera marina,1.578,1.596,0.018
Ferry,3,11-Aug-22,Line Intercept Transect,2,20,ZOMA,Zostera marina,1.678,1.688,0.01
Ferry,3,11-Aug-22,Line Intercept Transect,2,20,ZOMA,Zostera marina,1.765,1.786,0.021
Ferry,3,11-Aug-22,Line Intercept Transect,2,20,FUDI,Fucus dischitus,1.786,1.795,0.009
Ferry,3,11-Aug-22,Line Intercept Transect,2,20,FUDI,Fucus dischitus,2.106,2.124,0.018
Ferry,3,11-Aug-22,Line Intercept Transect,2,20,FUDI,Fucus dischitus,2.706,2.725,0.019
Ferry,3,11-Aug-22,Line Intercept Transect,2,20,FUDI,Fucus dischitus,2.74,2.784,0.044
Ferry,3,11-Aug-22,Line Intercept Transect,2,20,FUDI,Fucus dischitus,3.31,3.352,0.042
Ferry,3,11-Aug-22,Line Intercept Transect,2,20,FUDI,Fucus dischitus,4.431,4.442,0.011
Ferry,3,11-Aug-22,Line Intercept Transect,2,20,FUDI,Fucus dischitus,4.525,4.531,0.006
Ferry,3,11-Aug-22,Line Intercept Transect,2,20,FUDI,Fucus dischitus,6.305,6.316,0.011
Ferry,3,11-Aug-22,Line Intercept Transect,2,20,WOOD,Wood,12.332,12.356,0.024
Ferry,3,11-Aug-22,Line Intercept Transect,2,20,FUDI,Fucus dischitus,14.932,15.101,0.169
Ferry,3,11-Aug-22,Line Intercept Transect,3,20,ZOMA,Zostera marina,0.35,0.354,0.004
Ferry,3,11-Aug-22,Line Intercept Transect,3,20,ZOMA,Zostera marina,0.398,0.407,0.009
Ferry,3,11-Aug-22,Line Intercept Transect,3,20,FUDI,Fucus dischitus,1.855,1.908,0.053
Ferry,3,11-Aug-22,Line Intercept Transect,3,20,FUDI,Fucus dischitus,5.236,5.274,0.038
Ferry,3,11-Aug-22,Line Intercept Transect,3,20,FUDI,Fucus dischitus,6.159,6.173,0.014
Ferry,3,11-Aug-22,Line Intercept Transect,3,20,FUDI,Fucus dischitus,6.812,6.847,0.035
Ferry,3,11-Aug-22,Line Intercept Transect,3,20,FUDI,Fucus dischitus,9.906,9.911,0.005
Ferry,3,11-Aug-22,Line Intercept Transect,3,20,FUDI,Fucus dischitus,12.258,12.332,0.074
Ferry,3,11-Aug-22,Line Intercept Transect,3,20,FUDI,Fucus dischitus,12.918,13.022,0.104
Ferry,3,11-Aug-22,Line Intercept Transect,3,20,FUDI,Fucus dischitus,13.042,13.093,0.051
Ferry,3,11-Aug-22,Line Intercept Transect,3,20,FUDI,Fucus dischitus,13.548,13.649,0.101
Ferry,3,11-Aug-22,Line Intercept Transect,3,20,FUDI,Fucus dischitus,13.83,13.936,0.106
Ferry,3,11-Aug-22,Line Intercept Transect,3,20,FUDI,Fucus dischitus,14.389,14.472,0.083
Ferry,3,11-Aug-22,Line Intercept Transect,3,20,WOOD,Wood,14.646,14.67,0.024
Ferry,3,11-Aug-22,Line Intercept Transect,3,20,FUDI,Fucus dischitus,15.118,15.224,0.106
Ferry,3,11-Aug-22,Line Intercept Transect,3,20,WOOD,Wood,15.928,15.945,0.017
Ferry,3,11-Aug-22,Line Intercept Transect,3,20,FUDI,Fucus dischitus,15.95,15.963,0.013
Ferry,3,11-Aug-22,Line Intercept Transect,3,20,FUDI,Fucus dischitus,16.38,16.478,0.098
Ferry,3,11-Aug-22,Line Intercept Transect,3,20,FUDI,Fucus dischitus,16.613,16.659,0.046
OldSitka,4,12-Aug-22,Line Intercept Transect,1,20,FUDI,Fucus dischitus,0.532,0.552,0.02
OldSitka,4,12-Aug-22,Line Intercept Transect,1,20,FUDI,Fucus dischitus,0.758,0.818,0.06
OldSitka,4,12-Aug-22,Line Intercept Transect,1,20,FUDI,Fucus dischitus,0.918,1.01,0.092
OldSitka,4,12-Aug-22,Line Intercept Transect,1,20,FUDI,Fucus dischitus,1.295,1.36,0.065
OldSitka,4,12-Aug-22,Line Intercept Transect,1,20,FUDI,Fucus dischitus,1.318,1.326,0.008
OldSitka,4,12-Aug-22,Line Intercept Transect,1,20,FUDI,Fucus dischitus,1.335,1.341,0.006
OldSitka,4,12-Aug-22,Line Intercept Transect,1,20,FUDI,Fucus dischitus,1.387,1.394,0.007
OldSitka,4,12-Aug-22,Line Intercept Transect,1,20,FUDI,Fucus dischitus,1.481,1.49,0.009
OldSitka,4,12-Aug-22,Line Intercept Transect,1,20,ZOMA,Zostera marina,1.6,1.61,0.01
OldSitka,4,12-Aug-22,Line Intercept Transect,1,20,FUDI,Fucus dischitus,2.895,2.938,0.043
OldSitka,4,12-Aug-22,Line Intercept Transect,1,20,MAST,Mastocarpus spp.,3.032,3.068,0.036
OldSitka,4,12-Aug-22,Line Intercept Transect,1,20,FUDI,Fucus dischitus,3.173,3.199,0.026
OldSitka,4,12-Aug-22,Line Intercept Transect,1,20,FUDI,Fucus dischitus,3.616,3.7,0.084
OldSitka,4,12-Aug-22,Line Intercept Transect,1,20,FUDI,Fucus dischitus,3.812,3.969,0.157
OldSitka,4,12-Aug-22,Line Intercept Transect,1,20,ZOMA,Zostera marina,3.969,3.972,0.003
OldSitka,4,12-Aug-22,Line Intercept Transect,1,20,FUDI,Fucus dischitus,3.972,4.038,0.066
OldSitka,4,12-Aug-22,Line Intercept Transect,1,20,ULIN,Ulva intestinalis,4.116,4.132,0.016
OldSitka,4,12-Aug-22,Line Intercept Transect,1,20,FUDI,Fucus dischitus,4.618,4.689,0.071
OldSitka,4,12-Aug-22,Line Intercept Transect,1,20,ULIN,Ulva intestinalis,5.483,5.489,0.006
OldSitka,4,12-Aug-22,Line Intercept Transect,1,20,CLSE,Cladophora sericea,7.31,7.335,0.025
OldSitka,4,12-Aug-22,Line Intercept Transect,1,20,CHFL,Chordaria flagelliformis,7.335,7.445,0.11
OldSitka,4,12-Aug-22,Line Intercept Transect,1,20,FUDI,Fucus dischitus,8.408,8.426,0.018
OldSitka,4,12-Aug-22,Line Intercept Transect,1,20,FUDI,Fucus dischitus,10.678,10.702,0.024
OldSitka,4,12-Aug-22,Line Intercept Transect,1,20,FUDI,Fucus dischitus,11.002,11.149,0.147
OldSitka,4,12-Aug-22,Line Intercept Transect,2,20,FUDI,Fucus dischitus,1.005,1.034,0.029
OldSitka,4,12-Aug-22,Line Intercept Transect,2,20,FUDI,Fucus dischitus,1.259,1.275,0.016
OldSitka,4,12-Aug-22,Line Intercept Transect,2,20,FUDI,Fucus dischitus,1.578,1.592,0.014
OldSitka,4,12-Aug-22,Line Intercept Transect,2,20,FUDI,Fucus dischitus,2.822,2.876,0.054
OldSitka,4,12-Aug-22,Line Intercept Transect,2,20,FUDI,Fucus dischitus,3.786,3.826,0.04
OldSitka,4,12-Aug-22,Line Intercept Transect,2,20,FUDI,Fucus dischitus,3.946,3.98,0.034
OldSitka,4,12-Aug-22,Line Intercept Transect,2,20,CLSE,Cladophora sericea,3.995,4.013,0.018
OldSitka,4,12-Aug-22,Line Intercept Transect,2,20,FUDI,Fucus dischitus,4.013,4.162,0.149
OldSitka,4,12-Aug-22,Line Intercept Transect,2,20,MAST,Mastocarpus spp.,4.165,4.178,0.013
OldSitka,4,12-Aug-22,Line Intercept Transect,2,20,FUDI,Fucus dischitus,4.224,4.232,0.008
OldSitka,4,12-Aug-22,Line Intercept Transect,2,20,FUDI,Fucus dischitus,4.258,4.355,0.097
OldSitka,4,12-Aug-22,Line Intercept Transect,2,20,FUDI,Fucus dischitus,4.376,4.526,0.15
OldSitka,4,12-Aug-22,Line Intercept Transect,2,20,FUDI,Fucus dischitus,4.6,4.617,0.017
OldSitka,4,12-Aug-22,Line Intercept Transect,2,20,FUDI,Fucus dischitus,4.658,4.666,0.008
OldSitka,4,12-Aug-22,Line Intercept Transect,2,20,FUDI,Fucus dischitus,5.068,5.075,0.007
OldSitka,4,12-Aug-22,Line Intercept Transect,2,20,FUDI,Fucus dischitus,5.701,5.712,0.011
OldSitka,4,12-Aug-22,Line Intercept Transect,2,20,FUDI,Fucus dischitus,7.381,7.392,0.011
OldSitka,4,12-Aug-22,Line Intercept Transect,2,20,MAST,Mastocarpus spp.,8.716,8.728,0.012
OldSitka,4,12-Aug-22,Line Intercept Transect,2,20,FUDI,Fucus dischitus,9.518,9.596,0.078
OldSitka,4,12-Aug-22,Line Intercept Transect,3,20,FUDI,Fucus dischitus,1.586,1.629,0.043
OldSitka,4,12-Aug-22,Line Intercept Transect,3,20,FUDI,Fucus dischitus,2.515,2.521,0.006
OldSitka,4,12-Aug-22,Line Intercept Transect,3,20,ZOMA,Zostera marina,2.775,2.784,0.009
OldSitka,4,12-Aug-22,Line Intercept Transect,3,20,FUDI,Fucus dischitus,2.875,2.9,0.025
OldSitka,4,12-Aug-22,Line Intercept Transect,3,20,FUDI,Fucus dischitus,4.8,5.292,0.492
OldSitka,4,12-Aug-22,Line Intercept Transect,3,20,CLSE,Cladophora sericea,5.292,5.345,0.053
OldSitka,4,12-Aug-22,Line Intercept Transect,3,20,FUDI,Fucus dischitus,5.345,5.442,0.097
OldSitka,4,12-Aug-22,Line Intercept Transect,3,20,FUDI,Fucus dischitus,5.558,5.6,0.042
OldSitka,4,12-Aug-22,Line Intercept Transect,3,20,FUDI,Fucus dischitus,5.737,5.807,0.07
OldSitka,4,12-Aug-22,Line Intercept Transect,3,20,FUDI,Fucus dischitus,6.778,6.791,0.013
OldSitka,4,12-Aug-22,Line Intercept Transect,3,20,FUDI,Fucus dischitus,6.986,7.045,0.059
OldSitka,4,12-Aug-22,Line Intercept Transect,3,20,FUDI,Fucus dischitus,7.126,7.201,0.075
OldSitka,4,12-Aug-22,Line Intercept Transect,3,20,FUDI,Fucus dischitus,7.942,7.959,0.017
OldSitka,4,12-Aug-22,Line Intercept Transect,3,20,FUDI,Fucus dischitus,8.325,8.405,0.08
OldSitka,4,12-Aug-22,Line Intercept Transect,3,20,FUDI,Fucus dischitus,8.613,8.658,0.045
OldSitka,4,12-Aug-22,Line Intercept Transect,3,20,FUDI,Fucus dischitus,8.704,8.746,0.042
OldSitka,4,12-Aug-22,Line Intercept Transect,3,20,FUDI,Fucus dischitus,9.182,9.207,0.025
OldSitka,4,12-Aug-22,Line Intercept Transect,3,20,FUDI,Fucus dischitus,9.28,9.378,0.098
OldSitka,4,12-Aug-22,Line Intercept Transect,3,20,FUDI,Fucus dischitus,9.582,9.605,0.023
OldSitka,4,12-Aug-22,Line Intercept Transect,3,20,FUDI,Fucus dischitus,10.281,10.313,0.032
OldSitka,4,12-Aug-22,Line Intercept Transect,3,20,FUDI,Fucus dischitus,12.202,12.223,0.021
OldSitka,4,12-Aug-22,Line Intercept Transect,3,20,FUDI,Fucus dischitus,12.408,12.459,0.051
Eagle,5,14-Aug-22,Line Intercept Transect,1,20,FUDI,Fucus dischitus,0.726,0.991,0.265
Eagle,5,14-Aug-22,Line Intercept Transect,1,20,FUDI,Fucus dischitus,1.017,1.174,0.157
Eagle,5,14-Aug-22,Line Intercept Transect,1,20,ZOMA,Zostera marina,1.174,1.178,0.004
Eagle,5,14-Aug-22,Line Intercept Transect,1,20,FUDI,Fucus dischitus,1.233,1.367,0.134
Eagle,5,14-Aug-22,Line Intercept Transect,1,20,FUDI,Fucus dischitus,1.786,1.825,0.039
Eagle,5,14-Aug-22,Line Intercept Transect,1,20,FUDI,Fucus dischitus,1.865,1.948,0.083
Eagle,5,14-Aug-22,Line Intercept Transect,1,20,FUDI,Fucus dischitus,2.131,2.143,0.012
Eagle,5,14-Aug-22,Line Intercept Transect,1,20,FUDI,Fucus dischitus,18.36,18.4,0.04
Eagle,5,14-Aug-22,Line Intercept Transect,1,20,FUDI,Fucus dischitus,18.833,19.048,0.215
Eagle,5,14-Aug-22,Line Intercept Transect,2,20,FUDI,Fucus dischitus,0.438,0.577,0.139
Eagle,5,14-Aug-22,Line Intercept Transect,2,20,FUDI,Fucus dischitus,0.579,0.599,0.02
Eagle,5,14-Aug-22,Line Intercept Transect,2,20,FUDI,Fucus dischitus,0.645,0.69,0.045
Eagle,5,14-Aug-22,Line Intercept Transect,2,20,FUDI,Fucus dischitus,0.793,0.806,0.013
Eagle,5,14-Aug-22,Line Intercept Transect,2,20,FUDI,Fucus dischitus,0.976,1.036,0.06
Eagle,5,14-Aug-22,Line Intercept Transect,2,20,FUDI,Fucus dischitus,1.897,1.913,0.016
Eagle,5,14-Aug-22,Line Intercept Transect,2,20,FUDI,Fucus dischitus,1.968,2.009,0.041
Eagle,5,14-Aug-22,Line Intercept Transect,2,20,ZOMA,Zostera marina,2.066,2.068,0.002
Eagle,5,14-Aug-22,Line Intercept Transect,2,20,FUDI,Fucus dischitus,2.071,2.103,0.032
Eagle,5,14-Aug-22,Line Intercept Transect,2,20,FUDI,Fucus dischitus,2.131,2.162,0.031
Eagle,5,14-Aug-22,Line Intercept Transect,2,20,ZOMA,Zostera marina,3.253,3.27,0.017
Eagle,5,14-Aug-22,Line Intercept Transect,2,20,FISH,Fish (Halibut),6.995,7.034,0.039
Eagle,5,14-Aug-22,Line Intercept Transect,3,20,WOOD,Wood,0.113,0.134,0.021
Eagle,5,14-Aug-22,Line Intercept Transect,3,20,FUDI,Fucus dischitus,1.017,1.024,0.007
Eagle,5,14-Aug-22,Line Intercept Transect,3,20,FUDI,Fucus dischitus,1.058,1.072,0.014
Eagle,5,14-Aug-22,Line Intercept Transect,3,20,FUDI,Fucus dischitus,1.082,1.092,0.01
Eagle,5,14-Aug-22,Line Intercept Transect,3,20,FUDI,Fucus dischitus,1.426,1.457,0.031
Eagle,5,14-Aug-22,Line Intercept Transect,3,20,FUDI,Fucus dischitus,1.495,1.517,0.022
Harbor,6,16-Aug-22,Line Intercept Transect,1,20,FUDI,Fucus dischitus,0.38,0.395,0.015
Harbor,6,16-Aug-22,Line Intercept Transect,1,20,FUDI,Fucus dischitus,0.794,0.82,0.026
Harbor,6,16-Aug-22,Line Intercept Transect,1,20,ZOMA,Zostera marina,0.947,0.958,0.011
Harbor,6,16-Aug-22,Line Intercept Transect,1,20,FUDI,Fucus dischitus,0.958,0.967,0.009
Harbor,6,16-Aug-22,Line Intercept Transect,1,20,NELA,Neorhodomela larix,0.992,1.011,0.019
Harbor,6,16-Aug-22,Line Intercept Transect,1,20,ZOMA,Zostera marina,1.011,1.039,0.028
Harbor,6,16-Aug-22,Line Intercept Transect,1,20,DEAC,Desmarestia aculeata,1.039,1.048,0.009
Harbor,6,16-Aug-22,Line Intercept Transect,1,20,ZOMA,Zostera marina,1.048,1.226,0.178
Harbor,6,16-Aug-22,Line Intercept Transect,1,20,ZOMA,Zostera marina,1.257,1.619,0.362
Harbor,6,16-Aug-22,Line Intercept Transect,1,20,FUDI,Fucus dischitus,1.619,1.739,0.12
Harbor,6,16-Aug-22,Line Intercept Transect,1,20,FUDI,Fucus dischitus,2.392,2.571,0.179
Harbor,6,16-Aug-22,Line Intercept Transect,1,20,FUDI,Fucus dischitus,2.613,2.64,0.027
Harbor,6,16-Aug-22,Line Intercept Transect,1,20,ZOMA,Zostera marina,2.64,2.686,0.046
Harbor,6,16-Aug-22,Line Intercept Transect,1,20,FUDI,Fucus dischitus,2.686,2.713,0.027
Harbor,6,16-Aug-22,Line Intercept Transect,1,20,ZOMA,Zostera marina,2.713,2.804,0.091
Harbor,6,16-Aug-22,Line Intercept Transect,1,20,WOOD,Wood,2.99,3.05,0.06
Harbor,6,16-Aug-22,Line Intercept Transect,1,20,ZOMA,Zostera marina,3.05,3.106,0.056
Harbor,6,16-Aug-22,Line Intercept Transect,1,20,FUDI,Fucus dischitus,3.108,3.175,0.067
Harbor,6,16-Aug-22,Line Intercept Transect,1,20,FUDI,Fucus dischitus,3.464,3.472,0.008
Harbor,6,16-Aug-22,Line Intercept Transect,1,20,FUDI,Fucus dischitus,3.584,3.609,0.025
Harbor,6,16-Aug-22,Line Intercept Transect,1,20,FUDI,Fucus dischitus,3.66,3.818,0.158
Harbor,6,16-Aug-22,Line Intercept Transect,1,20,PAPA,Palmaria palmata,4.642,4.66,0.018
Harbor,6,16-Aug-22,Line Intercept Transect,1,20,NELA,Neorhodomela larix,4.727,4.733,0.006
Harbor,6,16-Aug-22,Line Intercept Transect,1,20,FUDI,Fucus dischitus,4.89,5.129,0.239
Harbor,6,16-Aug-22,Line Intercept Transect,1,20,ZOMA,Zostera marina,5.129,5.165,0.036
Harbor,6,16-Aug-22,Line Intercept Transect,1,20,FUDI,Fucus dischitus,5.165,5.23,0.065
Harbor,6,16-Aug-22,Line Intercept Transect,1,20,PAPA,Palmaria palmata,7.172,7.204,0.032
Harbor,6,16-Aug-22,Line Intercept Transect,1,20,ZOMA,Zostera marina,8.432,8.446,0.014
Harbor,6,16-Aug-22,Line Intercept Transect,1,20,PAPA,Palmaria palmata,12.41,12.483,0.073
Harbor,6,16-Aug-22,Line Intercept Transect,2,20,FUDI,Fucus dischitus,1.233,1.259,0.026
Harbor,6,16-Aug-22,Line Intercept Transect,2,20,FUDI,Fucus dischitus,2.042,2.086,0.044
Harbor,6,16-Aug-22,Line Intercept Transect,2,20,ZOMA,Zostera marina,2.214,2.226,0.012
Harbor,6,16-Aug-22,Line Intercept Transect,2,20,WOOD,Wood,2.244,2.253,0.009
Harbor,6,16-Aug-22,Line Intercept Transect,2,20,WOOD,Wood,2.307,2.32,0.013
Harbor,6,16-Aug-22,Line Intercept Transect,2,20,ZOMA,Zostera marina,2.33,2.412,0.082
Harbor,6,16-Aug-22,Line Intercept Transect,2,20,NELA,Neorhodomela larix,2.524,2.528,0.004
Harbor,6,16-Aug-22,Line Intercept Transect,2,20,FUDI,Fucus dischitus,2.581,2.61,0.029
Harbor,6,16-Aug-22,Line Intercept Transect,2,20,FUDI,Fucus dischitus,2.631,2.661,0.03
Harbor,6,16-Aug-22,Line Intercept Transect,2,20,WOOD,Wood,2.732,2.785,0.053
Harbor,6,16-Aug-22,Line Intercept Transect,2,20,ZOMA,Zostera marina,2.785,2.805,0.02
Harbor,6,16-Aug-22,Line Intercept Transect,2,20,FUDI,Fucus dischitus,2.805,2.842,0.037
Harbor,6,16-Aug-22,Line Intercept Transect,2,20,ZOMA,Zostera marina,2.842,2.908,0.066
Harbor,6,16-Aug-22,Line Intercept Transect,2,20,FUDI,Fucus dischitus,2.908,2.948,0.04
Harbor,6,16-Aug-22,Line Intercept Transect,2,20,ZOMA,Zostera marina,3.016,3.049,0.033
Harbor,6,16-Aug-22,Line Intercept Transect,2,20,NELA,Neorhodomela larix,3.086,3.127,0.041
Harbor,6,16-Aug-22,Line Intercept Transect,2,20,FUDI,Fucus dischitus,3.295,3.308,0.013
Harbor,6,16-Aug-22,Line Intercept Transect,2,20,FUDI,Fucus dischitus,3.475,3.534,0.059
Harbor,6,16-Aug-22,Line Intercept Transect,2,20,FUDI,Fucus dischitus,3.562,3.613,0.051
Harbor,6,16-Aug-22,Line Intercept Transect,2,20,ZOMA,Zostera marina,3.706,3.743,0.037
Harbor,6,16-Aug-22,Line Intercept Transect,2,20,FUDI,Fucus dischitus,4.523,4.541,0.018
Harbor,6,16-Aug-22,Line Intercept Transect,2,20,FUDI,Fucus dischitus,4.602,4.76,0.158
Harbor,6,16-Aug-22,Line Intercept Transect,3,20,FUDI,Fucus dischitus,0.305,0.442,0.137
Harbor,6,16-Aug-22,Line Intercept Transect,3,20,FUDI,Fucus dischitus,0.543,0.656,0.113
Harbor,6,16-Aug-22,Line Intercept Transect,3,20,FUDI,Fucus dischitus,0.678,0.686,0.008
Harbor,6,16-Aug-22,Line Intercept Transect,3,20,ZOMA,Zostera marina,2.995,3,0.005
Harbor,6,16-Aug-22,Line Intercept Transect,3,20,FUDI,Fucus dischitus,3.026,3.058,0.032
Harbor,6,16-Aug-22,Line Intercept Transect,3,20,FUDI,Fucus dischitus,3.754,3.834,0.08
Harbor,6,16-Aug-22,Line Intercept Transect,3,20,ZOMA,Zostera marina,4.576,4.591,0.015
Harbor,6,16-Aug-22,Line Intercept Transect,3,20,ZOMA,Zostera marina,5.014,5.082,0.068
Private,7,17-Aug-22,Line Intercept Transect,1,20,FUDI,Fucus dischitus,0.265,0.601,0.336
Private,7,17-Aug-22,Line Intercept Transect,1,20,FUDI,Fucus dischitus,0.613,0.629,0.016
Private,7,17-Aug-22,Line Intercept Transect,1,20,FUDI,Fucus dischitus,1.253,1.301,0.048
Private,7,17-Aug-22,Line Intercept Transect,1,20,FUDI,Fucus dischitus,1.417,1.698,0.281
Private,7,17-Aug-22,Line Intercept Transect,1,20,FUDI,Fucus dischitus,1.859,2.24,0.381
Private,7,17-Aug-22,Line Intercept Transect,1,20,FUDI,Fucus dischitus,2.452,2.573,0.121
Private,7,17-Aug-22,Line Intercept Transect,1,20,FUDI,Fucus dischitus,2.668,2.892,0.224
Private,7,17-Aug-22,Line Intercept Transect,1,20,FUDI,Fucus dischitus,2.999,3.014,0.015
Private,7,17-Aug-22,Line Intercept Transect,1,20,FUDI,Fucus dischitus,5.819,5.918,0.099
Private,7,17-Aug-22,Line Intercept Transect,1,20,FUDI,Fucus dischitus,8.336,8.412,0.076
Private,7,17-Aug-22,Line Intercept Transect,1,20,FUDI,Fucus dischitus,14.814,14.822,0.008
Private,7,17-Aug-22,Line Intercept Transect,2,20,FUDI,Fucus dischitus,0.116,0.145,0.029
Private,7,17-Aug-22,Line Intercept Transect,2,20,FUDI,Fucus dischitus,0.492,0.527,0.035
Private,7,17-Aug-22,Line Intercept Transect,2,20,FUDI,Fucus dischitus,0.628,0.833,0.205
Private,7,17-Aug-22,Line Intercept Transect,2,20,FUDI,Fucus dischitus,1.012,1.432,0.42
Private,7,17-Aug-22,Line Intercept Transect,2,20,FUDI,Fucus dischitus,1.483,1.518,0.035
Private,7,17-Aug-22,Line Intercept Transect,2,20,FUDI,Fucus dischitus,1.833,2.137,0.304
Private,7,17-Aug-22,Line Intercept Transect,2,20,FUDI,Fucus dischitus,2.31,2.488,0.178
Private,7,17-Aug-22,Line Intercept Transect,2,20,ZOMA,Zostera marina,2.488,2.502,0.014
Private,7,17-Aug-22,Line Intercept Transect,2,20,FUDI,Fucus dischitus,2.502,2.722,0.22
Private,7,17-Aug-22,Line Intercept Transect,2,20,FUDI,Fucus dischitus,4.018,4.029,0.011
Private,7,17-Aug-22,Line Intercept Transect,2,20,FUDI,Fucus dischitus,5.863,5.881,0.018
Private,7,17-Aug-22,Line Intercept Transect,2,20,FUDI,Fucus dischitus,5.925,5.954,0.029
Private,7,17-Aug-22,Line Intercept Transect,2,20,FUDI,Fucus dischitus,6.215,6.267,0.052
Private,7,17-Aug-22,Line Intercept Transect,3,20,FUDI,Fucus dischitus,0.409,0.423,0.014
Private,7,17-Aug-22,Line Intercept Transect,3,20,FUDI,Fucus dischitus,0.476,0.763,0.287
Private,7,17-Aug-22,Line Intercept Transect,3,20,FUDI,Fucus dischitus,1.088,1.148,0.06
Private,7,17-Aug-22,Line Intercept Transect,3,20,FUDI,Fucus dischitus,1.202,1.379,0.177
Private,7,17-Aug-22,Line Intercept Transect,3,20,FUDI,Fucus dischitus,1.423,1.528,0.105
Private,7,17-Aug-22,Line Intercept Transect,3,20,FUDI,Fucus dischitus,1.948,2.008,0.06
Private,7,17-Aug-22,Line Intercept Transect,3,20,FUDI,Fucus dischitus,2.068,2.075,0.007
Private,7,17-Aug-22,Line Intercept Transect,3,20,FUDI,Fucus dischitus,2.404,2.632,0.228
Private,7,17-Aug-22,Line Intercept Transect,3,20,FUDI,Fucus dischitus,2.697,2.718,0.021
Private,7,17-Aug-22,Line Intercept Transect,3,20,FUDI,Fucus dischitus,5.718,5.723,0.005
Private,7,17-Aug-22,Line Intercept Transect,3,20,FUDI,Fucus dischitus,7.187,7.201,0.014
Jamestown,8,24-Aug-22,Line Intercept Transect,1,20,FUDI,Fucus dischitus,0.991,1.02,0.029
Jamestown,8,24-Aug-22,Line Intercept Transect,1,20,FUDI,Fucus dischitus,1.637,1.779,0.142
Jamestown,8,24-Aug-22,Line Intercept Transect,1,20,FUDI,Fucus dischitus,1.798,1.83,0.032
Jamestown,8,24-Aug-22,Line Intercept Transect,1,20,FUDI,Fucus dischitus,1.875,1.892,0.017
Jamestown,8,24-Aug-22,Line Intercept Transect,1,20,ZOMA,Zostera marina,1.954,1.969,0.015
Jamestown,8,24-Aug-22,Line Intercept Transect,1,20,FUDI,Fucus dischitus,2.246,2.251,0.005
Jamestown,8,24-Aug-22,Line Intercept Transect,1,20,FUDI,Fucus dischitus,2.425,2.443,0.018
Jamestown,8,24-Aug-22,Line Intercept Transect,1,20,FUDI,Fucus dischitus,2.586,2.623,0.037
Jamestown,8,24-Aug-22,Line Intercept Transect,1,20,FUDI,Fucus dischitus,2.654,2.726,0.072
Jamestown,8,24-Aug-22,Line Intercept Transect,1,20,FUDI,Fucus dischitus,2.756,2.78,0.024
Jamestown,8,24-Aug-22,Line Intercept Transect,1,20,FUDI,Fucus dischitus,2.815,2.837,0.022
Jamestown,8,24-Aug-22,Line Intercept Transect,1,20,FUDI,Fucus dischitus,3.094,3.293,0.199
Jamestown,8,24-Aug-22,Line Intercept Transect,1,20,FUDI,Fucus dischitus,3.468,3.652,0.184
Jamestown,8,24-Aug-22,Line Intercept Transect,1,20,FUDI,Fucus dischitus,3.698,3.714,0.016
Jamestown,8,24-Aug-22,Line Intercept Transect,1,20,FUDI,Fucus dischitus,3.826,3.836,0.01
Jamestown,8,24-Aug-22,Line Intercept Transect,1,20,FUDI,Fucus dischitus,3.917,3.965,0.048
Jamestown,8,24-Aug-22,Line Intercept Transect,1,20,FUDI,Fucus dischitus,4.049,4.313,0.264
Jamestown,8,24-Aug-22,Line Intercept Transect,1,20,FUDI,Fucus dischitus,5.277,5.342,0.065
Jamestown,8,24-Aug-22,Line Intercept Transect,1,20,FUDI,Fucus dischitus,6.148,6.155,0.007
Jamestown,8,24-Aug-22,Line Intercept Transect,2,20,FUDI,Fucus dischitus,0.887,0.901,0.014
Jamestown,8,24-Aug-22,Line Intercept Transect,2,20,FUDI,Fucus dischitus,1.673,1.742,0.069
Jamestown,8,24-Aug-22,Line Intercept Transect,2,20,FUDI,Fucus dischitus,2.57,2.681,0.111
Jamestown,8,24-Aug-22,Line Intercept Transect,2,20,FUDI,Fucus dischitus,3.998,4.016,0.018
Jamestown,8,24-Aug-22,Line Intercept Transect,2,20,FUDI,Fucus dischitus,5.602,5.734,0.132
Jamestown,8,24-Aug-22,Line Intercept Transect,2,20,WOOD,Wood,6.14,6.215,0.075
Jamestown,8,24-Aug-22,Line Intercept Transect,3,20,FUDI,Fucus dischitus,0.662,0.714,0.052
Jamestown,8,24-Aug-22,Line Intercept Transect,3,20,FUDI,Fucus dischitus,1.286,1.301,0.015
Jamestown,8,24-Aug-22,Line Intercept Transect,3,20,FUDI,Fucus dischitus,1.611,1.643,0.032
Jamestown,8,24-Aug-22,Line Intercept Transect,3,20,FUDI,Fucus dischitus,1.834,1.924,0.09
Jamestown,8,24-Aug-22,Line Intercept Transect,3,20,FUDI,Fucus dischitus,2.157,2.165,0.008
Jamestown,8,24-Aug-22,Line Intercept Transect,3,20,FUDI,Fucus dischitus,2.819,2.944,0.125
Jamestown,8,24-Aug-22,Line Intercept Transect,3,20,FUDI,Fucus dischitus,3.048,3.089,0.041
Jamestown,8,24-Aug-22,Line Intercept Transect,3,20,FUDI,Fucus dischitus,3.746,3.844,0.098
Jamestown,8,24-Aug-22,Line Intercept Transect,3,20,FUDI,Fucus dischitus,6.105,6.173,0.068
Jamestown,8,24-Aug-22,Line Intercept Transect,3,20,FUDI,Fucus dischitus,10.506,10.511,0.005
Halibut,9,25-Aug-22,Line Intercept Transect,1,20,FUDI,Fucus dischitus,0.303,0.391,0.088
Halibut,9,25-Aug-22,Line Intercept Transect,1,20,FUDI,Fucus dischitus,0.473,0.497,0.024
Halibut,9,25-Aug-22,Line Intercept Transect,1,20,WOOD,Wood,0.626,0.692,0.066
Halibut,9,25-Aug-22,Line Intercept Transect,1,20,FUDI,Fucus dischitus,1.292,1.398,0.106
Halibut,9,25-Aug-22,Line Intercept Transect,1,20,FUDI,Fucus dischitus,1.545,1.56,0.015
Halibut,9,25-Aug-22,Line Intercept Transect,1,20,FUDI,Fucus dischitus,1.599,1.629,0.03
Halibut,9,25-Aug-22,Line Intercept Transect,1,20,FUDI,Fucus dischitus,1.991,2.077,0.086
Halibut,9,25-Aug-22,Line Intercept Transect,1,20,FUDI,Fucus dischitus,3.735,3.838,0.103
Halibut,9,25-Aug-22,Line Intercept Transect,1,20,WOOD,Wood,3.851,3.873,0.022
Halibut,9,25-Aug-22,Line Intercept Transect,1,20,FUDI,Fucus dischitus,3.925,3.968,0.043
Halibut,9,25-Aug-22,Line Intercept Transect,1,20,FUDI,Fucus dischitus,3.999,4.115,0.116
Halibut,9,25-Aug-22,Line Intercept Transect,1,20,FUDI,Fucus dischitus,4.682,4.719,0.037
Halibut,9,25-Aug-22,Line Intercept Transect,1,20,ZOMA,Zostera marina,4.719,4.723,0.004
Halibut,9,25-Aug-22,Line Intercept Transect,1,20,FUDI,Fucus dischitus,4.723,4.776,0.053
Halibut,9,25-Aug-22,Line Intercept Transect,1,20,ZOMA,Zostera marina,4.792,4.806,0.014
Halibut,9,25-Aug-22,Line Intercept Transect,1,20,FUDI,Fucus dischitus,4.806,4.873,0.067
Halibut,9,25-Aug-22,Line Intercept Transect,1,20,ZOMA,Zostera marina,5.914,5.928,0.014
Halibut,9,25-Aug-22,Line Intercept Transect,1,20,FUDI,Fucus dischitus,9.076,9.137,0.061
Halibut,9,25-Aug-22,Line Intercept Transect,1,20,FUDI,Fucus dischitus,11.229,11.25,0.021
Halibut,9,25-Aug-22,Line Intercept Transect,2,20,FUDI,Fucus dischitus,0.105,0.196,0.091
Halibut,9,25-Aug-22,Line Intercept Transect,2,20,FUDI,Fucus dischitus,0.236,0.242,0.006
Halibut,9,25-Aug-22,Line Intercept Transect,2,20,WOOD,Wood,0.305,0.385,0.08
Halibut,9,25-Aug-22,Line Intercept Transect,2,20,FUDI,Fucus dischitus,0.789,0.895,0.106
Halibut,9,25-Aug-22,Line Intercept Transect,2,20,FUDI,Fucus dischitus,1.385,1.462,0.077
Halibut,9,25-Aug-22,Line Intercept Transect,2,20,WOOD,Wood,1.543,1.558,0.015
Halibut,9,25-Aug-22,Line Intercept Transect,2,20,FUDI,Fucus dischitus,1.564,1.892,0.328
Halibut,9,25-Aug-22,Line Intercept Transect,2,20,FUDI,Fucus dischitus,2.048,2.082,0.034
Halibut,9,25-Aug-22,Line Intercept Transect,2,20,FUDI,Fucus dischitus,2.119,2.346,0.227
Halibut,9,25-Aug-22,Line Intercept Transect,2,20,FUDI,Fucus dischitus,2.55,2.584,0.034
Halibut,9,25-Aug-22,Line Intercept Transect,2,20,ZOMA,Zostera marina,2.763,2.775,0.012
Halibut,9,25-Aug-22,Line Intercept Transect,2,20,FUDI,Fucus dischitus,2.846,2.906,0.06
Halibut,9,25-Aug-22,Line Intercept Transect,2,20,FUDI,Fucus dischitus,3.827,4.013,0.186
Halibut,9,25-Aug-22,Line Intercept Transect,2,20,FUDI,Fucus dischitus,4.152,4.177,0.025
Halibut,9,25-Aug-22,Line Intercept Transect,2,20,FUDI,Fucus dischitus,4.664,4.949,0.285
Halibut,9,25-Aug-22,Line Intercept Transect,2,20,ZOMA,Zostera marina,5.051,5.066,0.015
Halibut,9,25-Aug-22,Line Intercept Transect,2,20,FUDI,Fucus dischitus,7.163,7.171,0.008
Halibut,9,25-Aug-22,Line Intercept Transect,2,20,FUDI,Fucus dischitus,7.208,7.222,0.014
Halibut,9,25-Aug-22,Line Intercept Transect,2,20,FUDI,Fucus dischitus,12.69,12.748,0.058
Halibut,9,25-Aug-22,Line Intercept Transect,2,20,FUDI,Fucus dischitus,14.082,14.143,0.061
Halibut,9,25-Aug-22,Line Intercept Transect,2,20,HAGL,Halosacccion glandiforme,18.475,18.497,0.022
Halibut,9,25-Aug-22,Line Intercept Transect,2,20,FUDI,Fucus dischitus,18.497,18.512,0.015
Halibut,9,25-Aug-22,Line Intercept Transect,2,20,FUDI,Fucus dischitus,18.88,19.048,0.168
Halibut,9,25-Aug-22,Line Intercept Transect,3,20,WOOD,Wood,0.322,0.335,0.013
Halibut,9,25-Aug-22,Line Intercept Transect,3,20,FUDI,Fucus dischitus,0.806,1.192,0.386
Halibut,9,25-Aug-22,Line Intercept Transect,3,20,WOOD,Wood,1.192,1.216,0.024
Halibut,9,25-Aug-22,Line Intercept Transect,3,20,FUDI,Fucus dischitus,1.225,1.326,0.101
Halibut,9,25-Aug-22,Line Intercept Transect,3,20,FUDI,Fucus dischitus,1.376,1.494,0.118
Halibut,9,25-Aug-22,Line Intercept Transect,3,20,FUDI,Fucus dischitus,1.599,1.683,0.084
Halibut,9,25-Aug-22,Line Intercept Transect,3,20,WOOD,Wood,1.683,1.721,0.038
Halibut,9,25-Aug-22,Line Intercept Transect,3,20,FUDI,Fucus dischitus,2.102,2.118,0.016
Halibut,9,25-Aug-22,Line Intercept Transect,3,20,FUDI,Fucus dischitus,3.013,3.311,0.298
Halibut,9,25-Aug-22,Line Intercept Transect,3,20,FUDI,Fucus dischitus,3.39,3.438,0.048
Halibut,9,25-Aug-22,Line Intercept Transect,3,20,FUDI,Fucus dischitus,3.716,3.901,0.185
Halibut,9,25-Aug-22,Line Intercept Transect,3,20,FUDI,Fucus dischitus,11.083,11.195,0.112
Halibut,9,25-Aug-22,Line Intercept Transect,3,20,ZOMA,Zostera marina,16.742,16.746,0.004
NetIsland,10,26-Aug-22,Line Intercept Transect,1,20,FUDI,Fucus dischitus,1.438,1.443,0.005
NetIsland,10,26-Aug-22,Line Intercept Transect,1,20,WOOD,Wood,1.311,1.329,0.018
NetIsland,10,26-Aug-22,Line Intercept Transect,1,20,FUDI,Fucus dischitus,1.503,1.522,0.019
NetIsland,10,26-Aug-22,Line Intercept Transect,1,20,FUDI,Fucus dischitus,1.585,1.622,0.037
NetIsland,10,26-Aug-22,Line Intercept Transect,1,20,FUDI,Fucus dischitus,1.859,1.868,0.009
NetIsland,10,26-Aug-22,Line Intercept Transect,1,20,FUDI,Fucus dischitus,1.946,1.958,0.012
NetIsland,10,26-Aug-22,Line Intercept Transect,1,20,FUDI,Fucus dischitus,2.892,2.904,0.012
NetIsland,10,26-Aug-22,Line Intercept Transect,1,20,ZOMA,Zostera marina,3.241,3.244,0.003
NetIsland,10,26-Aug-22,Line Intercept Transect,1,20,WOOD,Wood,4.371,4.383,0.012
NetIsland,10,26-Aug-22,Line Intercept Transect,1,20,MAPY,Macrocystis pyrifera,6.25,6.795,0.545
NetIsland,10,26-Aug-22,Line Intercept Transect,1,20,ZOMA,Zostera marina,19.541,19.547,0.006
NetIsland,10,26-Aug-22,Line Intercept Transect,2,20,FUDI,Fucus dischitus,0.965,0.993,0.028
NetIsland,10,26-Aug-22,Line Intercept Transect,2,20,WOOD,Wood,0.863,0.908,0.045
NetIsland,10,26-Aug-22,Line Intercept Transect,2,20,FUDI,Fucus dischitus,1.273,1.323,0.05
NetIsland,10,26-Aug-22,Line Intercept Transect,2,20,WOOD,Wood,1.335,1.353,0.018
NetIsland,10,26-Aug-22,Line Intercept Transect,2,20,FUDI,Fucus dischitus,1.388,1.419,0.031
NetIsland,10,26-Aug-22,Line Intercept Transect,2,20,FUDI,Fucus dischitus,1.502,1.518,0.016
NetIsland,10,26-Aug-22,Line Intercept Transect,2,20,FUDI,Fucus dischitus,1.671,1.756,0.085
NetIsland,10,26-Aug-22,Line Intercept Transect,2,20,FUDI,Fucus dischitus,2.124,2.161,0.037
NetIsland,10,26-Aug-22,Line Intercept Transect,2,20,FUDI,Fucus dischitus,2.405,2.429,0.024
NetIsland,10,26-Aug-22,Line Intercept Transect,2,20,FUDI,Fucus dischitus,3.045,3.082,0.037
NetIsland,10,26-Aug-22,Line Intercept Transect,3,20,FUDI,Fucus dischitus,1.308,1.316,0.008
NetIsland,10,26-Aug-22,Line Intercept Transect,3,20,FUDI,Fucus dischitus,1.359,1.979,0.62
NetIsland,10,26-Aug-22,Line Intercept Transect,3,20,FUDI,Fucus dischitus,2.284,2.289,0.005
NetIsland,10,26-Aug-22,Line Intercept Transect,3,20,FUDI,Fucus dischitus,2.931,2.988,0.057
Shotgun,11,29-Aug-22,Line Intercept Transect,1,20,FUDI,Fucus dischitus,0.106,0.128,0.022
Shotgun,11,29-Aug-22,Line Intercept Transect,1,20,FUDI,Fucus dischitus,0.865,0.873,0.008
Shotgun,11,29-Aug-22,Line Intercept Transect,1,20,FUDI,Fucus dischitus,0.974,1.028,0.054
Shotgun,11,29-Aug-22,Line Intercept Transect,1,20,FUDI,Fucus dischitus,1.053,1.066,0.013
Shotgun,11,29-Aug-22,Line Intercept Transect,1,20,FUDI,Fucus dischitus,6.478,6.484,0.006
Shotgun,11,29-Aug-22,Line Intercept Transect,1,20,FUDI,Fucus dischitus,6.986,7.022,0.036
Shotgun,11,29-Aug-22,Line Intercept Transect,1,20,FUDI,Fucus dischitus,7.637,7.672,0.035
Shotgun,11,29-Aug-22,Line Intercept Transect,1,20,FUDI,Fucus dischitus,7.956,7.995,0.039
Shotgun,11,29-Aug-22,Line Intercept Transect,1,20,FUDI,Fucus dischitus,8.044,8.052,0.008
Shotgun,11,29-Aug-22,Line Intercept Transect,1,20,FUDI,Fucus dischitus,10.02,10.04,0.02
Shotgun,11,29-Aug-22,Line Intercept Transect,1,20,FUDI,Fucus dischitus,17.757,17.762,0.005
Shotgun,11,29-Aug-22,Line Intercept Transect,1,20,FUDI,Fucus dischitus,19.759,19.762,0.003
Shotgun,11,29-Aug-22,Line Intercept Transect,1,20,FUDI,Fucus dischitus,19.772,19.784,0.012
Shotgun,11,29-Aug-22,Line Intercept Transect,2,20,FUDI,Fucus dischitus,0.731,0.734,0.003
Shotgun,11,29-Aug-22,Line Intercept Transect,2,20,ZOMA,Zostera marina,0.982,0.989,0.007
Shotgun,11,29-Aug-22,Line Intercept Transect,2,20,FUDI,Fucus dischitus,1.094,1.117,0.023
Shotgun,11,29-Aug-22,Line Intercept Transect,2,20,NELA,Neorhodomela larix,5.687,5.695,0.008
Shotgun,11,29-Aug-22,Line Intercept Transect,2,20,FUDI,Fucus dischitus,5.936,5.975,0.039
Shotgun,11,29-Aug-22,Line Intercept Transect,2,20,FUDI,Fucus dischitus,6.008,6.02,0.012
Shotgun,11,29-Aug-22,Line Intercept Transect,2,20,ZOMA,Zostera marina,6.077,6.085,0.008
Shotgun,11,29-Aug-22,Line Intercept Transect,2,20,ZOMA,Zostera marina,6.096,6.102,0.006
Shotgun,11,29-Aug-22,Line Intercept Transect,2,20,FUDI,Fucus dischitus,1.162,1.195,0.033
Shotgun,11,29-Aug-22,Line Intercept Transect,2,20,FUDI,Fucus dischitus,1.214,1.224,0.01
Shotgun,11,29-Aug-22,Line Intercept Transect,3,20,ZOMA,Zostera marina,0.334,0.338,0.004
Shotgun,11,29-Aug-22,Line Intercept Transect,3,20,FUDI,Fucus dischitus,0.589,0.647,0.058
Shotgun,11,29-Aug-22,Line Intercept Transect,3,20,MAPY,Macrocystis pyrifera,0.726,0.733,0.007
Shotgun,11,29-Aug-22,Line Intercept Transect,3,20,FUDI,Fucus dischitus,0.78,0.823,0.043
Shotgun,11,29-Aug-22,Line Intercept Transect,3,20,ZOMA,Zostera marina,1.584,1.603,0.019
Shotgun,11,29-Aug-22,Line Intercept Transect,3,20,ZOMA,Zostera marina,1.639,1.644,0.005
Shotgun,11,29-Aug-22,Line Intercept Transect,3,20,ULLA,Ulva latuca,1.652,1.665,0.013
Shotgun,11,29-Aug-22,Line Intercept Transect,3,20,ZOMA,Zostera marina,1.713,1.721,0.008
Shotgun,11,29-Aug-22,Line Intercept Transect,3,20,FUDI,Fucus dischitus,1.721,1.723,0.002
Shotgun,11,29-Aug-22,Line Intercept Transect,3,20,LEMA,Leathesia marina,1.74,1.757,0.017
Shotgun,11,29-Aug-22,Line Intercept Transect,3,20,ZOMA,Zostera marina,1.916,1.928,0.012
Shotgun,11,29-Aug-22,Line Intercept Transect,3,20,ZOMA,Zostera marina,7.251,7.253,0.002
Shotgun,11,29-Aug-22,Line Intercept Transect,3,20,FUDI,Fucus dischitus,8.437,8.448,0.011
Cruise,12,30-Aug-22,Line Intercept Transect,1,20,FUDI,Fucus dischitus,0.138,0.145,0.007
Cruise,12,30-Aug-22,Line Intercept Transect,1,20,FUDI,Fucus dischitus,0.23,0.249,0.019
Cruise,12,30-Aug-22,Line Intercept Transect,1,20,FUDI,Fucus dischitus,0.408,0.58,0.172
Cruise,12,30-Aug-22,Line Intercept Transect,1,20,ZOMA,Zostera marina,0.887,0.889,0.002
Cruise,12,30-Aug-22,Line Intercept Transect,1,20,FUDI,Fucus dischitus,1.109,1.268,0.159
Cruise,12,30-Aug-22,Line Intercept Transect,1,20,FUDI,Fucus dischitus,1.31,1.49,0.18
Cruise,12,30-Aug-22,Line Intercept Transect,1,20,MAPY,Macrocystis pyrifera,1.641,1.678,0.037
Cruise,12,30-Aug-22,Line Intercept Transect,1,20,MAPY,Macrocystis pyrifera,1.745,1.768,0.023
Cruise,12,30-Aug-22,Line Intercept Transect,1,20,MAPY,Macrocystis pyrifera,1.903,1.995,0.092
Cruise,12,30-Aug-22,Line Intercept Transect,1,20,FUDI,Fucus dischitus,2.084,2.471,0.387
Cruise,12,30-Aug-22,Line Intercept Transect,1,20,FUDI,Fucus dischitus,2.697,3.009,0.312
Cruise,12,30-Aug-22,Line Intercept Transect,1,20,FUDI,Fucus dischitus,16.221,16.313,0.092
Cruise,12,30-Aug-22,Line Intercept Transect,2,20,FUDI,Fucus dischitus,0.18,0.219,0.039
Cruise,12,30-Aug-22,Line Intercept Transect,2,20,FUDI,Fucus dischitus,0.263,0.51,0.247
Cruise,12,30-Aug-22,Line Intercept Transect,2,20,FUDI,Fucus dischitus,1.055,1.151,0.096
Cruise,12,30-Aug-22,Line Intercept Transect,2,20,ZOMA,Zostera marina,1.151,1.212,0.061
Cruise,12,30-Aug-22,Line Intercept Transect,2,20,FUDI,Fucus dischitus,1.212,1.273,0.061
Cruise,12,30-Aug-22,Line Intercept Transect,2,20,WOOD,Wood,1.36,1.37,0.01
Cruise,12,30-Aug-22,Line Intercept Transect,2,20,FUDI,Fucus dischitus,1.405,1.709,0.304
Cruise,12,30-Aug-22,Line Intercept Transect,2,20,FUDI,Fucus dischitus,1.837,1.858,0.021
Cruise,12,30-Aug-22,Line Intercept Transect,2,20,MAPY,Macrocystis pyrifera,2.321,2.329,0.008
Cruise,12,30-Aug-22,Line Intercept Transect,2,20,MAPY,Macrocystis pyrifera,2.362,2.633,0.271
Cruise,12,30-Aug-22,Line Intercept Transect,2,20,FUDI,Fucus dischitus,2.633,2.747,0.114
Cruise,12,30-Aug-22,Line Intercept Transect,2,20,FUDI,Fucus dischitus,2.778,2.853,0.075
Cruise,12,30-Aug-22,Line Intercept Transect,2,20,FUDI,Fucus dischitus,2.967,3.119,0.152
Cruise,12,30-Aug-22,Line Intercept Transect,2,20,FUDI,Fucus dischitus,3.172,3.25,0.078
Cruise,12,30-Aug-22,Line Intercept Transect,3,20,FUDI,Fucus dischitus,0.961,1.099,0.138
Cruise,12,30-Aug-22,Line Intercept Transect,3,20,FUDI,Fucus dischitus,1.129,1.337,0.208
Cruise,12,30-Aug-22,Line Intercept Transect,3,20,FUDI,Fucus dischitus,1.373,1.406,0.033
Cruise,12,30-Aug-22,Line Intercept Transect,3,20,FUDI,Fucus dischitus,1.716,2.225,0.509
Cruise,12,30-Aug-22,Line Intercept Transect,3,20,FUDI,Fucus dischitus,2.596,2.963,0.367
Cruise,12,30-Aug-22,Line Intercept Transect,3,20,FUDI,Fucus dischitus,3.307,3.609,0.302
Mosquito,13,1-Sep-22,Line Intercept Transect,1,20,FUDI,Fucus dischitus,0.05,0.257,0.207
Mosquito,13,1-Sep-22,Line Intercept Transect,1,20,FUDI,Fucus dischitus,0.741,0.988,0.247
Mosquito,13,1-Sep-22,Line Intercept Transect,1,20,FUDI,Fucus dischitus,1.001,1.009,0.008
Mosquito,13,1-Sep-22,Line Intercept Transect,1,20,FUDI,Fucus dischitus,1.123,1.129,0.006
Mosquito,13,1-Sep-22,Line Intercept Transect,1,20,FUDI,Fucus dischitus,1.236,1.298,0.062
Mosquito,13,1-Sep-22,Line Intercept Transect,1,20,FUDI,Fucus dischitus,1.371,1.419,0.048
Mosquito,13,1-Sep-22,Line Intercept Transect,1,20,FUDI,Fucus dischitus,1.587,1.782,0.195
Mosquito,13,1-Sep-22,Line Intercept Transect,1,20,FUDI,Fucus dischitus,2.325,2.366,0.041
Mosquito,13,1-Sep-22,Line Intercept Transect,1,20,FUDI,Fucus dischitus,2.408,2.685,0.277
Mosquito,13,1-Sep-22,Line Intercept Transect,1,20,FUDI,Fucus dischitus,2.709,2.747,0.038
Mosquito,13,1-Sep-22,Line Intercept Transect,1,20,FUDI,Fucus dischitus,2.923,2.975,0.052
Mosquito,13,1-Sep-22,Line Intercept Transect,1,20,FUDI,Fucus dischitus,13.475,13.498,0.023
Mosquito,13,1-Sep-22,Line Intercept Transect,2,20,FUDI,Fucus dischitus,0.412,0.454,0.042
Mosquito,13,1-Sep-22,Line Intercept Transect,2,20,FUDI,Fucus dischitus,0.512,0.535,0.023
Mosquito,13,1-Sep-22,Line Intercept Transect,2,20,FUDI,Fucus dischitus,0.553,0.591,0.038
Mosquito,13,1-Sep-22,Line Intercept Transect,2,20,FUDI,Fucus dischitus,0.769,0.807,0.038
Mosquito,13,1-Sep-22,Line Intercept Transect,2,20,FUDI,Fucus dischitus,0.892,1.028,0.136
Mosquito,13,1-Sep-22,Line Intercept Transect,2,20,FUDI,Fucus dischitus,1.495,1.504,0.009
Mosquito,13,1-Sep-22,Line Intercept Transect,2,20,MAPY,Macrocystis pyrifera,1.55,1.662,0.112
Mosquito,13,1-Sep-22,Line Intercept Transect,2,20,FUDI,Fucus dischitus,1.767,2.003,0.236
Mosquito,13,1-Sep-22,Line Intercept Transect,2,20,FUDI,Fucus dischitus,2.111,2.48,0.369
Mosquito,13,1-Sep-22,Line Intercept Transect,2,20,FUDI,Fucus dischitus,2.557,2.639,0.082
Mosquito,13,1-Sep-22,Line Intercept Transect,2,20,FUDI,Fucus dischitus,2.764,2.775,0.011
Mosquito,13,1-Sep-22,Line Intercept Transect,2,20,FUDI,Fucus dischitus,3.346,3.361,0.015
Mosquito,13,1-Sep-22,Line Intercept Transect,2,20,FUDI,Fucus dischitus,3.388,3.901,0.513
Mosquito,13,1-Sep-22,Line Intercept Transect,2,20,FUDI,Fucus dischitus,3.919,3.925,0.006
Mosquito,13,1-Sep-22,Line Intercept Transect,2,20,FUDI,Fucus dischitus,4.479,4.562,0.083
Mosquito,13,1-Sep-22,Line Intercept Transect,2,20,FUDI,Fucus dischitus,17.781,17.801,0.02
Mosquito,13,1-Sep-22,Line Intercept Transect,2,20,FUDI,Fucus dischitus,18.35,18.502,0.152
Mosquito,13,1-Sep-22,Line Intercept Transect,3,20,FUDI,Fucus dischitus,0.129,0.138,0.009
Mosquito,13,1-Sep-22,Line Intercept Transect,3,20,FUDI,Fucus dischitus,0.198,0.217,0.019
Mosquito,13,1-Sep-22,Line Intercept Transect,3,20,FUDI,Fucus dischitus,0.255,0.323,0.068
Mosquito,13,1-Sep-22,Line Intercept Transect,3,20,FUDI,Fucus dischitus,0.449,0.503,0.054
Mosquito,13,1-Sep-22,Line Intercept Transect,3,20,FUDI,Fucus dischitus,0.742,0.932,0.19
Mosquito,13,1-Sep-22,Line Intercept Transect,3,20,FUDI,Fucus dischitus,0.973,0.984,0.011
Mosquito,13,1-Sep-22,Line Intercept Transect,3,20,FUDI,Fucus dischitus,1.058,1.079,0.021
Mosquito,13,1-Sep-22,Line Intercept Transect,3,20,ULIN,Ulva intestinalis,1.086,1.091,0.005
Mosquito,13,1-Sep-22,Line Intercept Transect,3,20,FUDI,Fucus dischitus,1.552,1.631,0.079
Mosquito,13,1-Sep-22,Line Intercept Transect,3,20,FUDI,Fucus dischitus,1.681,1.854,0.173
Mosquito,13,1-Sep-22,Line Intercept Transect,3,20,ZOMA,Zostera marina,1.854,1.856,0.002
Mosquito,13,1-Sep-22,Line Intercept Transect,3,20,ZOMA,Zostera marina,1.897,1.902,0.005
Mosquito,13,1-Sep-22,Line Intercept Transect,3,20,ZOMA,Zostera marina,2.01,2.016,0.006
Mosquito,13,1-Sep-22,Line Intercept Transect,3,20,FUDI,Fucus dischitus,2.024,2.04,0.016
Mosquito,13,1-Sep-22,Line Intercept Transect,3,20,FUDI,Fucus dischitus,2.059,2.066,0.007
Totem,14,9-Sep-22,Line Intercept Transect,1,20,FUDI,Fucus dischitus,1.067,1.076,0.009
Totem,14,9-Sep-22,Line Intercept Transect,1,20,FUDI,Fucus dischitus,1.137,1.14,0.003
Totem,14,9-Sep-22,Line Intercept Transect,1,20,FUDI,Fucus dischitus,1.161,3.338,2.177
Totem,14,9-Sep-22,Line Intercept Transect,1,20,FISH,Fish (Capelin),3.338,3.359,0.021
Totem,14,9-Sep-22,Line Intercept Transect,1,20,FUDI,Fucus dischitus,3.359,4.148,0.789
Totem,14,9-Sep-22,Line Intercept Transect,1,20,FUDI,Fucus dischitus,4.173,4.192,0.019
Totem,14,9-Sep-22,Line Intercept Transect,1,20,FISH,Fish (Capelin),4.192,4.204,0.012
Totem,14,9-Sep-22,Line Intercept Transect,1,20,FUDI,Fucus dischitus,4.767,4.778,0.011
Totem,14,9-Sep-22,Line Intercept Transect,1,20,ZOMA,Zostera marina,11.398,11.405,0.007
Totem,14,9-Sep-22,Line Intercept Transect,1,20,FUDI,Fucus dischitus,12.662,12.673,0.011
Totem,14,9-Sep-22,Line Intercept Transect,1,20,FUDI,Fucus dischitus,12.688,12.7,0.012
Totem,14,9-Sep-22,Line Intercept Transect,1,20,FUDI,Fucus dischitus,12.705,12.714,0.009
Totem,14,9-Sep-22,Line Intercept Transect,1,20,FUDI,Fucus dischitus,12.727,12.761,0.034
Totem,14,9-Sep-22,Line Intercept Transect,1,20,FUDI,Fucus dischitus,12.791,12.85,0.059
Totem,14,9-Sep-22,Line Intercept Transect,2,20,FUDI,Fucus dischitus,0.329,0.35,0.021
Totem,14,9-Sep-22,Line Intercept Transect,2,20,FUDI,Fucus dischitus,0.446,0.595,0.149
Totem,14,9-Sep-22,Line Intercept Transect,2,20,FUDI,Fucus dischitus,0.722,0.746,0.024
Totem,14,9-Sep-22,Line Intercept Transect,2,20,FUDI,Fucus dischitus,1.166,1.18,0.014
Totem,14,9-Sep-22,Line Intercept Transect,2,20,FUDI,Fucus dischitus,1.254,1.299,0.045
Totem,14,9-Sep-22,Line Intercept Transect,2,20,FUDI,Fucus dischitus,1.369,1.393,0.024
Totem,14,9-Sep-22,Line Intercept Transect,2,20,FUDI,Fucus dischitus,1.411,1.424,0.013
Totem,14,9-Sep-22,Line Intercept Transect,2,20,FUDI,Fucus dischitus,1.433,1.52,0.087
Totem,14,9-Sep-22,Line Intercept Transect,2,20,FUDI,Fucus dischitus,1.539,1.68,0.141
Totem,14,9-Sep-22,Line Intercept Transect,2,20,FUDI,Fucus dischitus,1.703,1.718,0.015
Totem,14,9-Sep-22,Line Intercept Transect,2,20,FUDI,Fucus dischitus,1.758,1.831,0.073
Totem,14,9-Sep-22,Line Intercept Transect,2,20,FUDI,Fucus dischitus,1.918,1.934,0.016
Totem,14,9-Sep-22,Line Intercept Transect,2,20,FUDI,Fucus dischitus,2.001,2.141,0.14
Totem,14,9-Sep-22,Line Intercept Transect,2,20,FUDI,Fucus dischitus,2.198,2.204,0.006
Totem,14,9-Sep-22,Line Intercept Transect,2,20,FUDI,Fucus dischitus,2.296,2.332,0.036
Totem,14,9-Sep-22,Line Intercept Transect,2,20,FUDI,Fucus dischitus,2.459,4.152,1.693
Totem,14,9-Sep-22,Line Intercept Transect,2,20,FISH,Fish (Capelin),4.152,4.18,0.028
Totem,14,9-Sep-22,Line Intercept Transect,2,20,FUDI,Fucus dischitus,4.18,4.323,0.143
Totem,14,9-Sep-22,Line Intercept Transect,2,20,FISH,Fish (Capelin),4.323,4.406,0.083
Totem,14,9-Sep-22,Line Intercept Transect,2,20,FUDI,Fucus dischitus,4.406,4.567,0.161
Totem,14,9-Sep-22,Line Intercept Transect,2,20,FUDI,Fucus dischitus,4.83,4.892,0.062
Totem,14,9-Sep-22,Line Intercept Transect,2,20,FISH,Fish (Capelin),5.066,5.072,0.006
Totem,14,9-Sep-22,Line Intercept Transect,2,20,FUDI,Fucus dischitus,5.072,5.181,0.109
Totem,14,9-Sep-22,Line Intercept Transect,2,20,WOOD,Wood,5.181,5.535,0.354
Totem,14,9-Sep-22,Line Intercept Transect,2,20,FUDI,Fucus dischitus,9.202,9.213,0.011
Totem,14,9-Sep-22,Line Intercept Transect,2,20,FUDI,Fucus dischitus,11.798,11.828,0.03
Totem,14,9-Sep-22,Line Intercept Transect,2,20,FUDI,Fucus dischitus,12.333,12.374,0.041
Totem,14,9-Sep-22,Line Intercept Transect,2,20,FUDI,Fucus dischitus,12.512,12.681,0.169
Totem,14,9-Sep-22,Line Intercept Transect,2,20,FUDI,Fucus dischitus,13.172,13.366,0.194
Totem,14,9-Sep-22,Line Intercept Transect,2,20,FUDI,Fucus dischitus,13.719,15.375,1.656
Totem,14,9-Sep-22,Line Intercept Transect,2,20,FUDI,Fucus dischitus,15.404,15.613,0.209
Totem,14,9-Sep-22,Line Intercept Transect,2,20,FUDI,Fucus dischitus,15.652,15.662,0.01
Totem,14,9-Sep-22,Line Intercept Transect,2,20,FUDI,Fucus dischitus,15.697,16.121,0.424
Totem,14,9-Sep-22,Line Intercept Transect,2,20,FUDI,Fucus dischitus,16.342,16.59,0.248
Totem,14,9-Sep-22,Line Intercept Transect,2,20,FUDI,Fucus dischitus,16.651,16.702,0.051
Totem,14,9-Sep-22,Line Intercept Transect,3,20,FUDI,Fucus dischitus,1.249,1.279,0.03
Totem,14,9-Sep-22,Line Intercept Transect,3,20,FUDI,Fucus dischitus,1.302,1.319,0.017
Totem,14,9-Sep-22,Line Intercept Transect,3,20,FUDI,Fucus dischitus,1.349,1.397,0.048
Totem,14,9-Sep-22,Line Intercept Transect,3,20,FUDI,Fucus dischitus,1.454,1.592,0.138
Totem,14,9-Sep-22,Line Intercept Transect,3,20,FUDI,Fucus dischitus,1.746,1.835,0.089
Totem,14,9-Sep-22,Line Intercept Transect,3,20,FUDI,Fucus dischitus,1.923,1.975,0.052
Totem,14,9-Sep-22,Line Intercept Transect,3,20,FUDI,Fucus dischitus,2.29,4.166,1.876
Totem,14,9-Sep-22,Line Intercept Transect,3,20,FUDI,Fucus dischitus,4.205,4.323,0.118
Totem,14,9-Sep-22,Line Intercept Transect,3,20,FUDI,Fucus dischitus,4.368,4.375,0.007
Totem,14,9-Sep-22,Line Intercept Transect,3,20,FUDI,Fucus dischitus,4.406,4.688,0.282
Totem,14,9-Sep-22,Line Intercept Transect,3,20,FUDI,Fucus dischitus,4.913,5.001,0.088
Totem,14,9-Sep-22,Line Intercept Transect,3,20,FUDI,Fucus dischitus,5.33,5.461,0.131
Totem,14,9-Sep-22,Line Intercept Transect,3,20,FUDI,Fucus dischitus,5.504,6.023,0.519
Totem,14,9-Sep-22,Line Intercept Transect,3,20,FUDI,Fucus dischitus,6.062,6.511,0.449
Totem,14,9-Sep-22,Line Intercept Transect,3,20,FUDI,Fucus dischitus,6.699,6.813,0.114
Totem,14,9-Sep-22,Line Intercept Transect,3,20,FUDI,Fucus dischitus,7.023,7.115,0.092
Totem,14,9-Sep-22,Line Intercept Transect,3,20,FUDI,Fucus dischitus,7.605,7.622,0.017
Totem,14,9-Sep-22,Line Intercept Transect,3,20,FUDI,Fucus dischitus,7.859,7.928,0.069
Totem,14,9-Sep-22,Line Intercept Transect,3,20,FUDI,Fucus dischitus,7.992,8.029,0.037
Totem,14,9-Sep-22,Line Intercept Transect,3,20,FUDI,Fucus dischitus,8.265,8.472,0.207
Totem,14,9-Sep-22,Line Intercept Transect,3,20,FUDI,Fucus dischitus,8.57,8.829,0.259
Totem,14,9-Sep-22,Line Intercept Transect,3,20,FUDI,Fucus dischitus,9.259,9.27,0.011
Totem,14,9-Sep-22,Line Intercept Transect,3,20,FUDI,Fucus dischitus,9.368,9.44,0.072
Totem,14,9-Sep-22,Line Intercept Transect,3,20,FUDI,Fucus dischitus,12.618,16.235,3.617
Totem,14,9-Sep-22,Line Intercept Transect,3,20,WOOD,Wood,16.235,16.696,0.461
Totem,14,9-Sep-22,Line Intercept Transect,3,20,FUDI,Fucus dischitus,16.696,17.614,0.918
Indian,15,10-Sep-22,Line Intercept Transect,1,20,FUDI,Fucus dischitus,0.826,0.845,0.019
Indian,15,10-Sep-22,Line Intercept Transect,1,20,FUDI,Fucus dischitus,0.972,3.557,2.585
Indian,15,10-Sep-22,Line Intercept Transect,1,20,FUDI,Fucus dischitus,3.631,3.662,0.031
Indian,15,10-Sep-22,Line Intercept Transect,1,20,SALA,Saccharina latissima,3.662,3.709,0.047
Indian,15,10-Sep-22,Line Intercept Transect,1,20,CEPA,Ceramium pacificum,3.82,3.85,0.03
Indian,15,10-Sep-22,Line Intercept Transect,1,20,FUDI,Fucus dischitus,3.913,3.93,0.017
Indian,15,10-Sep-22,Line Intercept Transect,1,20,FUDI,Fucus dischitus,4.152,4.246,0.094
Indian,15,10-Sep-22,Line Intercept Transect,1,20,FISH,Fish (Salmon),4.246,4.317,0.071
Indian,15,10-Sep-22,Line Intercept Transect,1,20,FUDI,Fucus dischitus,4.317,4.338,0.021
Indian,15,10-Sep-22,Line Intercept Transect,1,20,FUDI,Fucus dischitus,4.452,4.513,0.061
Indian,15,10-Sep-22,Line Intercept Transect,1,20,FUDI,Fucus dischitus,4.562,4.606,0.044
Indian,15,10-Sep-22,Line Intercept Transect,1,20,FUDI,Fucus dischitus,5.32,5.325,0.005
Indian,15,10-Sep-22,Line Intercept Transect,1,20,FUDI,Fucus dischitus,5.654,5.691,0.037
Indian,15,10-Sep-22,Line Intercept Transect,1,20,ULLA,Ulva latuca,6.005,6.011,0.006
Indian,15,10-Sep-22,Line Intercept Transect,1,20,ULLA,Ulva latuca,6.968,7.04,0.072
Indian,15,10-Sep-22,Line Intercept Transect,1,20,FUDI,Fucus dischitus,7.768,7.816,0.048
Indian,15,10-Sep-22,Line Intercept Transect,1,20,FUDI,Fucus dischitus,8.456,8.521,0.065
Indian,15,10-Sep-22,Line Intercept Transect,1,20,FUDI,Fucus dischitus,9.291,9.334,0.043
Indian,15,10-Sep-22,Line Intercept Transect,1,20,ULLA,Ulva latuca,10.07,10.109,0.039
Indian,15,10-Sep-22,Line Intercept Transect,2,20,FUDI,Fucus dischitus,0.923,3.254,2.331
Indian,15,10-Sep-22,Line Intercept Transect,2,20,FISH,Fish (Salmon),3.383,3.489,0.106
Indian,15,10-Sep-22,Line Intercept Transect,2,20,FUDI,Fucus dischitus,3.489,3.717,0.228
Indian,15,10-Sep-22,Line Intercept Transect,2,20,FUDI,Fucus dischitus,3.899,3.911,0.012
Indian,15,10-Sep-22,Line Intercept Transect,2,20,FUDI,Fucus dischitus,5.019,5.072,0.053
Indian,15,10-Sep-22,Line Intercept Transect,2,20,FISH,Fish (Salmon),5.072,5.16,0.088
Indian,15,10-Sep-22,Line Intercept Transect,2,20,FUDI,Fucus dischitus,5.16,5.475,0.315
Indian,15,10-Sep-22,Line Intercept Transect,2,20,FUDI,Fucus dischitus,6.07,6.145,0.075
Indian,15,10-Sep-22,Line Intercept Transect,3,20,FUDI,Fucus dischitus,0.212,0.485,0.273
Indian,15,10-Sep-22,Line Intercept Transect,3,20,FUDI,Fucus dischitus,0.718,3.047,2.329
Indian,15,10-Sep-22,Line Intercept Transect,3,20,FUDI,Fucus dischitus,3.367,3.41,0.043
Indian,15,10-Sep-22,Line Intercept Transect,3,20,FISH,Fish (Salmon),3.41,3.462,0.052
Indian,15,10-Sep-22,Line Intercept Transect,3,20,FUDI,Fucus dischitus,3.462,3.556,0.094
Indian,15,10-Sep-22,Line Intercept Transect,3,20,FUDI,Fucus dischitus,3.852,4.048,0.196